roll_no,study_hours,attendance,previous_marks,assignment_scores,pass_fail
STU1556,7.0,91.2,79.6,75.2,1
STU4492,3.2,63.4,51.1,52.1,0
STU1528,7.6,91.6,88.1,84.7,1
STU4926,2.6,62.6,40.3,46.0,0
STU3990,2.7,68.4,48.6,47.5,0
STU1071,7.9,93.8,86.6,89.0,1
STU2757,7.3,88.6,86.6,78.3,1
STU1212,8.9,91.6,77.7,85.9,1
STU1197,6.4,90.6,90.8,75.0,1
STU1804,6.9,82.0,76.3,96.7,1
STU4410,4.7,74.2,48.7,58.1,0
STU4837,4.3,61.8,52.2,50.6,0
STU2147,6.2,83.8,81.0,89.1,1
STU2499,8.7,86.9,64.4,65.6,1
STU4859,3.8,58.9,45.9,65.2,0
STU4483,1.7,59.0,56.5,40.0,0
STU2186,8.6,96.0,66.4,89.8,1
STU1472,4.7,100.0,92.3,82.8,1
STU1595,8.7,93.1,81.9,72.1,1
STU1322,8.2,92.7,81.1,84.9,1
STU2418,7.8,89.2,66.2,78.6,1
STU2675,9.4,87.6,71.4,79.1,1
STU4591,4.2,66.5,37.6,43.3,0
STU2704,8.8,83.0,77.2,92.0,1
STU3541,2.8,50.8,38.1,52.6,0
STU1206,6.4,90.8,77.0,96.1,1
STU4888,2.8,59.2,39.7,49.4,0
STU4249,4.7,71.9,55.4,48.6,0
STU3132,3.8,53.7,47.5,55.8,0
STU2256,6.0,88.9,72.9,97.7,1
STU3300,4.3,65.6,50.2,69.3,0
STU2227,7.6,82.9,78.6,84.6,1
STU4919,3.0,66.6,51.2,45.3,0
STU3465,4.3,59.9,47.1,64.6,0
STU3384,4.6,62.8,42.1,54.3,0
STU1150,7.9,78.1,83.9,86.8,1
STU1870,9.9,95.4,77.8,75.7,1
STU2979,6.6,91.4,83.9,85.6,1
STU3457,4.3,57.7,52.0,53.8,0
STU4866,3.2,53.0,57.1,44.8,0
STU3213,2.3,67.4,35.0,59.3,0
STU2007,8.6,90.9,90.4,96.3,1
STU4048,3.1,57.3,48.5,51.6,0
STU1706,8.2,94.3,81.0,76.9,1
STU4144,2.8,72.8,45.1,52.5,0
STU4597,2.1,50.0,46.3,53.2,0
STU2988,8.1,84.7,82.3,82.5,1
STU1180,10.0,88.0,79.3,91.1,1
STU1110,7.4,91.6,83.9,79.9,1
STU4079,2.0,52.6,53.2,40.0,0
STU2056,6.7,82.9,73.0,72.9,1
STU4953,2.2,58.8,59.2,43.2,0
STU1315,9.1,92.0,78.7,92.7,1
STU2823,7.2,87.7,73.1,81.5,1
STU1568,6.3,91.9,72.2,83.6,1
STU1880,8.9,86.9,89.7,73.6,1
STU3231,3.2,69.6,47.5,54.4,0
STU2412,8.2,85.6,77.8,85.7,1
STU4225,1.6,68.9,53.4,52.5,0
STU4937,3.5,68.3,36.7,40.0,0
STU4250,1.4,59.9,35.0,44.2,0
STU1930,7.4,93.9,80.9,77.5,1
STU3579,1.0,65.1,35.0,55.4,0
STU4380,3.4,62.5,49.5,41.0,0
STU3293,4.1,55.0,54.0,43.2,0
STU2503,6.5,88.3,83.3,90.3,1
STU4783,2.0,50.0,42.5,46.8,0
STU1606,9.8,86.9,80.0,73.1,1
STU2989,6.7,99.5,85.5,87.3,1
STU1015,5.4,93.0,81.4,88.4,1
STU2262,7.6,88.3,75.8,85.1,1
STU4239,2.3,63.3,50.6,45.6,0
STU4319,2.7,61.4,43.9,46.5,0
STU1009,6.9,92.0,78.1,93.0,1
STU1890,8.8,90.3,87.1,84.3,1
STU4149,2.6,51.8,40.4,62.1,0
STU4552,3.3,61.3,46.4,52.5,0
STU2445,8.0,92.2,88.0,72.5,1
STU1394,9.7,84.1,77.7,80.3,1
STU2583,6.3,99.5,95.1,84.8,1
STU3859,1.4,70.0,45.1,43.1,0
STU1539,8.7,80.5,80.2,81.4,1
STU2488,5.4,92.0,85.4,88.2,1
STU1808,6.9,83.0,87.2,89.9,1
STU4415,1.9,62.3,44.0,43.6,0
STU1799,7.5,85.8,65.6,83.0,1
STU4540,2.9,73.0,42.1,52.9,0
STU2816,6.4,77.2,87.5,86.1,1
STU3330,3.1,70.5,44.4,44.3,0
STU3648,3.0,64.7,41.3,42.6,0
STU2425,6.2,77.3,80.6,72.4,1
STU3360,2.5,63.0,46.2,42.6,0
STU4322,2.8,67.5,38.4,52.8,0
STU1788,8.1,80.2,76.8,77.1,1
STU2993,8.9,76.1,74.0,96.5,1
STU2117,10.0,86.8,95.4,97.3,1
STU2321,7.6,89.2,83.8,89.4,1
STU4657,3.9,73.7,61.4,40.0,0
STU2553,6.4,90.1,80.6,74.3,1
STU1033,7.5,90.9,72.8,88.5,1
STU1464,7.8,80.6,91.3,89.2,1
STU3516,3.5,69.7,44.5,53.2,0
STU3296,4.3,59.8,55.2,53.4,0
STU1167,8.5,83.1,79.6,93.0,1
STU3863,2.7,61.9,49.3,47.4,0
STU1415,7.9,94.1,83.6,87.6,1
STU1034,6.2,91.0,59.3,78.8,1
STU1185,7.2,74.7,78.2,84.6,1
STU4023,2.1,68.1,43.6,60.5,0
STU4241,4.1,60.3,35.0,53.3,0
STU4302,4.1,62.3,45.5,58.7,0
STU2953,6.4,100.0,76.3,83.1,1
STU4750,4.5,50.0,49.8,45.5,0
STU2622,5.8,90.1,67.8,81.5,1
STU2243,6.8,78.0,88.0,79.0,1
STU4550,1.0,54.4,51.1,48.2,0
STU1722,5.4,85.0,86.1,92.6,1
STU2175,6.6,82.0,86.4,94.6,1
STU1671,9.0,83.8,87.2,86.7,1
STU4332,2.9,64.7,39.0,43.5,0
STU2747,8.7,74.9,78.9,94.9,1
STU3425,3.9,54.4,42.4,46.6,0
STU2557,8.6,91.8,82.6,94.2,1
STU3867,3.5,63.4,47.6,58.2,0
STU4537,2.3,74.5,37.9,59.0,0
STU3585,2.9,55.3,39.4,42.1,0
STU2745,6.4,82.0,67.8,87.7,1
STU4868,3.3,50.0,47.3,50.7,0
STU1719,7.1,84.4,87.8,97.2,1
STU2371,7.3,87.5,72.1,86.5,1
STU3980,3.0,65.1,38.0,54.3,0
STU4931,2.4,58.1,46.5,40.6,0
STU3021,1.0,74.4,40.2,47.4,0
STU3611,2.7,60.4,46.7,67.7,0
STU2627,7.0,83.0,84.6,92.7,1
STU3426,3.2,66.1,40.1,66.0,0
STU4054,2.8,62.0,62.3,48.2,0
STU4008,4.3,56.1,42.2,46.3,0
STU1600,8.0,85.0,92.5,97.2,1
STU2748,8.1,89.1,83.6,87.1,1
STU3352,2.6,50.0,42.4,57.1,0
STU2430,7.2,94.6,67.8,74.1,1
STU2115,7.7,90.3,80.9,92.4,1
STU1643,7.2,82.9,80.2,79.0,1
STU1403,7.5,84.7,75.0,82.4,1
STU1491,7.5,87.9,85.2,85.8,1
STU3500,4.4,63.1,35.7,55.4,0
STU2004,6.7,99.3,79.4,83.4,1
STU3115,2.2,59.8,42.4,40.0,0
STU4485,1.6,57.3,39.7,53.4,0
STU2879,5.5,78.8,75.5,80.9,1
STU3474,2.5,54.4,46.2,48.7,0
STU1271,9.2,90.1,80.9,82.5,1
STU3342,3.2,50.0,42.4,59.5,0
STU4059,1.6,57.4,43.8,65.3,0
STU4199,1.0,65.9,51.3,63.5,0
STU2045,7.3,92.3,88.6,90.6,1
STU4498,4.0,56.7,55.3,52.9,0
STU3794,2.9,65.5,42.3,40.0,0
STU3393,4.9,70.7,55.7,45.6,0
STU4471,3.7,72.3,51.0,54.4,0
STU4838,4.5,64.7,44.4,65.4,0
STU3359,2.6,59.1,40.6,44.8,0
STU3335,4.3,63.6,35.0,42.5,0
STU1018,7.9,76.0,87.6,86.4,1
STU4655,3.7,50.0,48.8,49.1,0
STU2211,6.0,95.1,82.9,100.0,1
STU3118,3.6,65.5,48.9,62.8,0
STU1230,8.3,94.0,82.1,80.6,1
STU2118,7.4,83.5,77.3,82.4,1
STU2293,7.5,95.7,70.0,80.6,1
STU1496,8.1,92.9,95.4,87.7,1
STU4545,4.7,63.5,48.1,43.7,0
STU1462,7.5,92.5,96.8,76.1,1
STU3904,3.4,66.4,49.1,48.0,0
STU2564,8.6,95.2,88.0,91.1,1
STU3554,3.2,50.3,49.8,56.9,0
STU1319,7.9,84.7,83.2,91.7,1
STU3454,2.5,71.5,40.8,56.4,0
STU4266,3.9,72.9,54.0,64.7,0
STU3453,2.2,69.3,49.4,49.2,0
STU2492,10.0,86.7,90.2,79.6,1
STU4573,2.7,58.6,45.6,52.7,0
STU2290,4.9,86.3,89.3,84.9,1
STU4323,3.3,63.1,56.0,71.2,0
STU4519,3.0,68.8,66.5,55.6,0
STU4394,3.2,50.0,36.8,47.2,0
STU3234,2.6,53.2,44.4,52.4,0
STU1658,7.5,93.3,74.5,95.8,1
STU2057,7.5,84.7,87.7,83.1,1
STU3120,3.2,53.0,38.4,43.0,0
STU4195,2.1,59.2,37.0,49.1,0
STU4895,3.0,58.9,48.7,43.8,0
STU2663,5.0,90.2,82.1,80.3,1
STU2331,9.3,93.5,77.7,100.0,1
STU2179,6.3,93.9,81.0,82.1,1
STU4721,2.8,60.3,54.7,56.9,0
STU3158,2.1,57.0,50.7,55.9,0
STU1299,8.5,91.9,74.1,82.6,1
STU1094,7.1,81.2,83.8,78.9,1
STU3405,4.7,58.6,35.0,44.6,0
STU4549,2.5,73.6,61.8,42.9,0
STU2576,7.5,89.7,66.3,75.2,1
STU4746,3.9,66.9,40.2,57.5,0
STU3887,3.6,55.3,48.0,48.8,0
STU2794,8.3,86.6,83.1,81.8,1
STU1024,5.8,80.1,88.3,83.1,1
STU4351,3.6,51.3,37.2,46.9,0
STU4624,4.2,54.2,50.9,50.2,0
STU2732,7.1,83.0,82.3,86.7,1
STU2085,8.0,86.9,89.7,82.8,1
STU4992,3.4,50.4,35.6,55.1,0
STU3666,4.1,61.9,39.9,56.4,0
STU3379,4.1,60.6,48.6,52.1,0
STU2273,6.2,93.3,72.4,91.3,1
STU1306,7.6,100.0,69.2,91.8,1
STU3903,2.1,50.0,56.8,46.0,0
STU3762,1.8,65.5,55.9,53.5,0
STU1599,7.0,95.2,85.4,72.6,1
STU4880,5.1,57.0,40.9,57.2,0
STU1872,6.5,90.8,92.9,89.7,1
STU3546,5.3,65.6,38.9,40.0,0
STU3122,1.9,58.1,44.4,47.7,0
STU2361,7.5,81.1,81.6,79.7,1
STU2937,7.8,95.5,91.8,69.5,1
STU3759,3.4,65.3,49.7,43.8,0
STU4645,3.0,66.1,55.3,53.7,0
STU2540,4.1,87.0,89.6,82.8,1
STU3211,3.9,59.5,35.0,48.8,0
STU2053,8.1,86.3,84.7,92.4,1
STU2567,7.6,89.4,90.7,82.5,1
STU4247,3.6,63.7,66.0,52.9,0
STU2927,4.5,93.8,87.4,78.7,1
STU3024,2.2,62.5,54.3,58.2,0
STU1409,7.6,92.9,86.3,81.9,1
STU1100,7.2,92.9,82.6,80.0,1
STU2212,6.7,80.9,73.4,82.4,1
STU2433,8.5,91.1,82.9,88.2,1
STU1316,7.5,90.5,90.0,90.0,1
STU2174,7.4,92.7,74.0,89.2,1
STU2236,9.5,89.1,98.5,94.0,1
STU4160,4.5,76.4,54.2,53.1,0
STU3733,3.5,57.9,35.0,49.7,0
STU4973,4.1,54.3,46.2,52.3,0
STU4641,1.3,64.9,42.7,51.6,0
STU1752,5.9,97.4,79.9,79.6,1
STU4116,4.2,65.9,40.2,45.0,0
STU1157,9.7,85.7,86.2,83.9,1
STU3562,4.0,66.9,43.1,40.0,0
STU1121,8.4,100.0,77.1,84.2,1
STU2455,8.2,70.4,89.8,77.6,1
STU1512,7.4,91.3,90.5,91.2,1
STU2518,8.3,90.5,87.0,83.3,1
STU4505,5.2,76.9,50.7,41.5,0
STU3017,2.4,53.4,49.9,57.4,0
STU4441,1.3,61.8,55.2,51.8,0
STU3847,2.8,72.2,59.5,55.4,0
STU2603,6.7,100.0,80.3,88.4,1
STU4779,4.1,59.2,39.9,42.2,0
STU4804,2.1,58.5,41.3,43.9,0
STU1677,6.2,90.1,87.5,85.2,1
STU1241,6.5,88.6,67.3,83.5,1
STU2024,10.0,94.9,69.2,85.2,1
STU3217,4.8,69.2,42.0,50.3,0
STU2512,7.3,82.7,87.8,100.0,1
STU3814,4.0,63.7,50.8,42.8,0
STU4226,3.4,50.0,72.4,49.4,0
STU4800,1.9,50.1,35.0,61.8,0
STU4764,3.6,62.7,43.0,47.2,0
STU3883,4.3,58.1,36.8,57.1,0
STU1487,6.7,85.7,85.4,83.4,1
STU4362,4.8,57.3,35.0,50.6,0
STU2874,8.4,79.1,74.7,78.7,1
STU3462,1.0,54.1,62.5,54.0,0
STU3438,3.4,59.2,43.3,44.3,0
STU1355,7.5,95.3,85.2,70.5,1
STU2018,6.9,71.0,98.3,79.0,1
STU4664,3.4,57.0,35.0,50.9,0
STU2742,7.3,91.1,74.1,84.0,1
STU3331,3.0,55.8,37.9,52.6,0
STU3404,3.0,62.1,50.5,55.9,0
STU2221,6.1,81.7,96.3,92.7,1
STU1052,7.0,82.8,83.5,92.1,1
STU3723,3.5,62.2,37.3,53.6,0
STU2721,8.1,94.0,78.5,83.8,1
STU1074,9.4,89.2,80.8,88.2,1
STU2689,7.8,95.7,71.9,83.4,1
STU3586,3.8,51.9,45.5,52.5,0
STU1439,5.5,85.4,79.3,88.5,1
STU2475,6.6,83.7,80.6,84.3,1
STU3761,4.3,69.5,54.3,44.4,0
STU1803,7.6,90.1,70.8,68.5,1
STU1466,7.2,93.3,72.7,90.7,1
STU4085,4.7,72.6,44.0,40.0,0
STU2065,7.1,78.9,87.9,86.7,1
STU4911,3.4,64.0,38.1,42.3,0
STU1158,8.1,86.1,78.2,78.6,1
STU3004,4.0,62.9,44.7,56.5,0
STU2654,7.1,83.0,91.0,88.4,1
STU1053,6.7,84.1,85.7,82.5,1
STU2345,8.6,82.2,79.4,81.8,1
STU1221,10.0,85.8,62.9,93.4,1
STU1565,8.9,82.6,88.3,84.8,1
STU1027,6.1,98.8,75.8,92.5,1
STU2584,7.6,80.7,85.1,94.6,1
STU3015,2.8,68.6,45.2,47.3,0
STU1215,7.1,85.2,82.4,78.7,1
STU3058,2.9,50.0,57.8,44.2,0
STU1938,8.4,86.6,91.8,81.8,1
STU1552,7.3,76.7,88.7,93.1,1
STU4027,2.7,63.7,51.4,50.8,0
STU3587,5.3,68.6,56.4,59.4,0
STU1326,6.0,92.0,90.3,75.1,1
STU4271,4.8,77.0,41.2,48.5,0
STU4976,2.6,51.0,42.4,50.5,0
STU2671,7.2,94.2,100.0,90.2,1
STU1830,7.2,85.8,73.6,81.9,1
STU4117,5.0,65.5,59.0,47.2,0
STU1753,6.3,85.2,80.1,83.1,1
STU4703,3.8,50.0,37.6,42.4,0
STU4238,1.4,62.3,52.4,51.3,0
STU3477,3.4,54.0,43.2,56.2,0
STU1045,5.7,83.1,89.5,85.8,1
STU4988,1.2,69.1,53.9,40.2,0
STU2554,6.5,100.0,87.1,76.9,1
STU1502,9.8,93.8,71.2,76.5,1
STU3399,3.9,59.8,35.0,52.1,0
STU1977,7.0,95.6,93.0,87.2,1
STU3528,3.4,54.4,55.7,54.4,0
STU2193,6.8,100.0,86.4,84.4,1
STU1811,7.3,87.3,88.1,88.1,1
STU2000,8.2,87.1,75.2,87.8,1
STU1569,5.3,93.2,93.6,86.5,1
STU3793,3.3,62.4,58.5,50.2,0
STU4809,1.0,70.6,57.7,57.1,0
STU3032,4.9,69.6,35.6,54.0,0
STU1367,7.8,84.8,77.8,83.3,1
STU1458,6.3,89.4,71.3,92.0,1
STU1257,9.0,93.3,75.3,94.7,1
STU3187,3.8,51.8,48.3,53.5,0
STU3271,1.6,59.1,35.0,48.5,0
STU2477,7.4,93.9,80.5,69.3,1
STU1577,7.8,96.8,72.6,80.7,1
STU3340,3.0,53.0,48.8,59.6,0
STU3141,2.5,60.6,35.8,48.8,0
STU3283,4.1,70.3,50.2,51.3,0
STU4737,3.7,59.3,50.6,53.5,0
STU2765,7.2,89.4,82.9,95.3,1
STU3305,4.1,63.9,38.3,47.3,0
STU3894,2.0,66.2,38.8,40.0,0
STU1292,6.9,93.9,78.6,95.3,1
STU1730,6.6,85.1,82.2,97.5,1
STU2614,7.4,90.4,82.7,82.3,1
STU1135,6.4,85.9,81.1,79.4,1
STU2511,6.1,95.3,83.1,97.2,1
STU4222,3.0,59.8,56.5,60.3,0
STU1681,8.4,92.1,80.1,82.8,1
STU4474,2.6,60.7,53.0,60.6,0
STU1264,6.3,81.6,79.7,87.2,1
STU3429,1.2,70.9,43.1,43.9,0
STU4350,2.8,64.0,40.4,40.0,0
STU3242,3.2,56.8,45.8,48.6,0
STU1765,8.9,89.5,74.0,70.1,1
STU1057,6.5,85.1,93.7,85.5,1
STU3785,1.9,74.6,42.0,54.4,0
STU1683,6.9,86.0,93.8,90.0,1
STU2294,8.5,90.0,74.7,78.2,1
STU3186,1.7,85.3,60.4,53.8,0
STU2310,8.1,88.0,74.2,78.2,1
STU4401,4.0,60.7,36.6,51.0,0
STU1545,4.5,100.0,85.0,85.6,1
STU2861,7.3,85.3,91.9,99.4,1
STU3709,4.8,60.5,71.3,57.0,0
STU4932,2.3,79.4,35.0,49.7,0
STU2729,7.9,80.8,83.1,87.6,1
STU3346,3.6,56.6,51.8,48.0,0
STU1839,8.7,100.0,92.8,81.0,1
STU1171,6.4,93.9,69.7,78.8,1
STU3025,1.0,68.1,52.7,40.0,0
STU4847,3.5,70.3,44.8,45.0,0
STU4585,4.5,66.4,50.8,40.0,0
STU2551,7.4,84.8,74.2,87.4,1
STU2589,6.5,95.4,91.5,87.8,1
STU3764,3.8,74.8,45.6,46.1,0
STU1189,6.5,85.4,78.7,84.8,1
STU1013,7.8,83.4,74.1,86.4,1
STU4839,2.1,77.0,43.8,55.9,0
STU1323,6.5,90.7,91.8,82.3,1
STU1986,6.1,82.2,95.1,81.1,1
STU4630,5.4,76.5,35.0,53.5,0
STU1433,7.2,87.9,83.8,74.6,1
STU2092,7.5,92.6,76.4,96.7,1
STU3895,2.0,59.3,42.2,44.0,0
STU3837,2.6,56.5,36.9,52.1,0
STU3892,3.8,65.8,41.6,40.0,0
STU3239,5.0,50.0,53.0,58.0,0
STU4124,3.2,64.5,44.8,55.0,0
STU4685,2.3,71.5,50.6,59.0,0
STU2806,5.6,91.1,83.1,81.1,1
STU2316,5.9,90.5,79.9,95.8,1
STU3958,2.8,63.8,51.3,46.0,0
STU2097,7.6,94.3,89.1,100.0,1
STU2946,7.1,93.5,88.7,78.4,1
STU2033,8.0,90.7,87.8,88.5,1
STU2019,7.1,85.3,83.2,94.0,1
STU1239,6.7,85.6,93.6,79.7,1
STU1175,7.8,83.0,80.6,87.4,1
STU3241,3.4,75.5,36.3,46.3,0
STU3568,3.8,67.3,42.2,53.5,0
STU1819,7.6,90.4,87.0,85.0,1
STU1991,7.8,97.1,65.2,89.1,1
STU2917,6.6,87.5,88.4,83.1,1
STU2114,8.1,80.7,70.8,78.4,1
STU2379,6.8,91.0,86.9,89.0,1
STU2427,10.0,89.5,89.7,82.7,1
STU1411,8.4,92.9,76.7,88.1,1
STU2139,8.2,90.8,76.5,81.3,1
STU1818,8.6,90.2,75.0,74.6,1
STU3963,3.5,56.0,37.5,52.3,0
STU2733,7.5,75.9,90.2,82.2,1
STU3349,3.8,68.2,39.7,58.5,0
STU2451,7.9,85.1,78.5,81.8,1
STU1228,6.2,84.4,85.4,87.8,1
STU3701,5.0,57.5,43.5,47.1,0
STU2581,7.7,100.0,97.2,93.3,1
STU2162,10.0,90.7,65.4,84.6,1
STU1352,9.3,91.7,82.4,77.7,1
STU2394,7.7,87.5,83.2,82.6,1
STU2264,6.4,95.0,85.3,94.5,1
STU2238,6.8,80.5,91.6,86.9,1
STU2201,7.7,89.1,79.4,86.0,1
STU3179,4.0,74.1,35.0,40.0,0
STU3467,3.9,55.4,42.7,64.2,0
STU3011,2.9,69.4,40.1,45.8,0
STU2378,8.7,82.2,64.0,89.3,1
STU1070,6.7,93.6,90.4,81.5,1
STU4598,3.2,82.2,50.9,40.0,0
STU1046,6.6,94.7,78.7,82.1,1
STU2069,6.9,89.4,81.8,96.2,1
STU4494,3.6,72.4,44.4,40.0,0
STU1184,8.1,96.2,77.3,98.7,1
STU3251,2.7,57.5,52.4,68.7,0
STU2414,10.0,83.0,89.0,87.8,1
STU2587,7.7,83.8,76.8,77.7,1
STU2271,8.8,86.7,92.3,73.0,1
STU2415,6.7,84.7,76.3,100.0,1
STU1140,6.0,79.2,82.0,91.7,1
STU4354,3.4,73.0,52.5,48.2,0
STU4212,2.2,61.3,45.3,46.2,0
STU1310,7.3,93.3,78.3,85.2,1
STU1267,9.5,77.3,84.3,85.5,1
STU4151,3.9,61.4,51.3,54.7,0
STU3169,2.4,53.8,44.4,46.4,0
STU4208,1.2,57.3,45.2,53.6,0
STU1064,6.1,87.4,84.5,100.0,1
STU3572,3.7,57.8,47.1,40.0,0
STU2992,8.4,85.2,84.5,84.8,1
STU2579,6.6,83.1,71.2,81.1,1
STU3683,1.3,60.6,50.5,57.5,0
STU1145,7.8,86.7,69.8,89.1,1
STU4457,4.1,77.3,38.1,49.6,0
STU4402,2.8,56.3,37.2,56.0,0
STU4993,3.9,58.8,49.8,53.7,0
STU2406,6.6,72.8,82.1,96.7,1
STU4667,3.1,68.7,59.1,55.6,0
STU3580,3.7,59.9,35.9,40.7,0
STU1777,6.6,86.5,81.8,91.1,1
STU3172,4.6,69.3,48.0,61.7,0
STU4025,3.3,63.0,46.1,54.0,0
STU2965,8.2,84.4,92.9,81.1,1
STU1970,5.8,89.6,93.6,90.8,1
STU3282,4.7,61.5,41.2,61.4,0
STU1252,8.6,97.1,83.7,82.5,1
STU4615,2.7,59.1,64.9,43.8,0
STU1865,6.8,90.5,81.4,84.9,1
STU1810,6.4,84.7,78.6,75.9,1
STU2599,7.5,90.0,82.9,92.0,1
STU3593,5.3,61.4,38.4,59.8,0
STU4493,2.7,63.8,43.2,48.7,0
STU2299,7.8,81.1,87.6,80.0,1
STU4871,3.3,75.4,37.6,40.3,0
STU1280,7.0,90.8,84.9,85.4,1
STU2462,6.0,99.4,87.3,84.8,1
STU2423,7.1,90.6,89.4,77.1,1
STU4284,4.0,59.2,37.4,55.7,0
STU2573,7.9,89.9,79.2,80.5,1
STU1359,7.9,77.3,86.7,71.1,1
STU4928,2.9,64.4,35.0,50.7,0
STU1300,8.3,79.0,75.7,80.9,1
STU2076,6.9,98.9,82.8,93.8,1
STU2030,6.3,88.2,82.1,87.3,1
STU1535,6.7,85.5,87.9,80.2,1
STU4318,2.1,65.2,48.2,48.0,0
STU4253,2.7,55.1,37.7,53.8,0
STU2771,7.6,94.0,97.1,91.2,1
STU3919,1.3,53.8,38.3,49.5,0
STU1416,6.6,89.6,86.9,80.2,1
STU1840,7.2,87.0,76.8,83.2,1
STU3628,4.3,56.3,42.3,59.1,0
STU4805,4.1,62.6,51.0,41.8,0
STU2043,8.8,84.5,80.6,88.2,1
STU2498,9.0,87.7,76.8,99.9,1
STU2399,8.9,100.0,66.9,87.7,1
STU1309,8.2,91.2,80.4,84.5,1
STU2533,7.9,87.4,92.5,85.6,1
STU3488,2.1,69.7,55.8,62.2,0
STU4285,3.4,56.8,41.8,40.0,0
STU3619,4.0,72.3,48.2,60.4,0
STU2074,6.0,97.8,69.6,93.3,1
STU4300,2.0,58.4,35.0,51.4,0
STU4053,3.1,65.1,46.9,42.3,0
STU4518,4.5,68.3,41.0,55.5,0
STU1762,7.6,83.2,87.4,83.6,1
STU3772,4.9,74.6,50.2,56.9,0
STU2111,7.3,81.0,78.2,78.1,1
STU2877,6.8,93.7,69.1,80.9,1
STU3054,2.7,53.2,39.7,42.5,0
STU1059,7.9,89.6,89.7,100.0,1
STU1077,7.6,91.7,79.1,76.1,1
STU1369,7.6,81.3,76.6,79.3,1
STU3430,2.6,52.0,42.8,58.4,0
STU4201,5.0,69.3,46.3,57.7,0
STU1734,5.5,82.7,85.8,80.2,1
STU4830,2.5,63.0,35.0,47.5,0
STU3320,2.7,78.5,43.0,61.1,0
STU3385,3.3,59.3,41.8,61.6,0
STU3731,2.7,50.0,35.0,40.0,0
STU2840,7.3,86.1,77.3,82.5,1
STU3665,2.8,67.4,42.1,56.6,0
STU1125,8.2,88.1,84.5,95.7,1
STU4473,1.2,52.7,35.0,58.7,0
STU4732,4.5,81.6,44.6,40.0,0
STU3257,4.4,67.5,51.5,56.7,0
STU3314,2.3,68.5,35.0,48.2,0
STU1430,5.4,86.0,78.1,81.7,1
STU2974,7.7,88.5,64.8,81.4,1
STU4954,2.1,50.0,59.6,59.4,0
STU1817,7.8,90.9,92.6,71.2,1
STU3717,3.9,62.4,44.1,48.3,0
STU4056,2.4,56.0,44.8,40.1,0
STU2692,6.9,93.0,68.0,80.8,1
STU1388,9.8,82.5,70.5,75.0,1
STU1031,6.8,92.8,88.9,73.6,1
STU2176,7.2,83.5,96.4,87.5,1
STU1204,8.8,80.2,74.2,98.1,1
STU2026,8.0,85.7,72.1,87.8,1
STU4858,2.8,70.2,41.7,66.6,0
STU4758,2.7,75.8,35.0,57.9,0
STU1894,8.9,89.3,81.0,88.1,1
STU3679,3.7,57.8,53.3,59.4,0
STU3667,2.1,68.8,46.1,50.8,0
STU1479,10.0,80.0,70.8,83.3,1
STU2685,6.1,91.6,77.5,92.0,1
STU2351,6.1,84.9,86.9,78.6,1
STU1444,7.4,92.1,87.4,91.3,1
STU3771,2.8,71.9,55.4,46.8,0
STU2339,7.0,91.0,79.2,85.1,1
STU1193,7.8,100.0,92.3,80.3,1
STU3970,4.8,65.8,46.9,55.2,0
STU2129,7.4,88.4,83.2,86.4,1
STU1007,9.4,88.0,60.4,82.8,1
STU1440,7.4,78.4,86.0,88.7,1
STU1290,6.8,96.5,86.8,82.8,1
STU2107,8.2,80.2,73.8,71.5,1
STU4694,2.9,58.2,40.6,54.4,0
STU4417,5.1,61.7,35.0,43.3,0
STU4941,2.6,69.9,49.9,46.6,0
STU2922,8.4,89.3,83.3,93.2,1
STU3478,1.5,71.2,41.8,41.5,0
STU3368,3.6,66.3,49.7,47.3,0
STU2736,5.6,87.3,79.8,73.3,1
STU3685,4.2,50.0,37.9,44.0,0
STU4883,1.9,59.3,51.1,44.3,0
STU1195,7.7,89.1,62.9,66.0,1
STU1451,7.4,82.5,78.0,83.1,1
STU2594,8.6,79.1,85.1,84.3,1
STU2106,6.3,90.2,83.6,82.3,1
STU1030,7.1,85.1,88.4,80.9,1
STU1786,8.8,85.9,79.6,82.1,1
STU4998,2.4,68.7,41.9,47.7,0
STU3623,2.9,65.7,39.3,48.6,0
STU3908,1.5,64.7,35.3,56.3,0
STU4388,5.1,68.1,58.4,56.4,0
STU4787,3.4,56.8,35.0,40.0,0
STU1882,6.9,75.3,93.0,84.7,1
STU4700,1.6,50.4,48.5,41.9,0
STU3370,3.5,76.1,50.4,41.0,0
STU3737,3.4,74.1,38.8,53.4,0
STU4595,3.3,62.1,45.3,51.4,0
STU1223,8.3,92.5,82.0,84.4,1
STU2996,8.8,88.2,83.4,100.0,1
STU2718,7.7,100.0,79.9,93.2,1
STU1574,7.2,87.7,77.3,81.7,1
STU4329,3.4,55.6,45.4,50.3,0
STU4378,4.5,69.8,41.1,59.2,0
STU2538,6.9,83.1,79.2,70.2,1
STU2259,6.7,95.1,69.0,80.9,1
STU3755,2.5,57.4,35.0,58.1,0
STU2346,5.7,97.8,95.4,77.9,1
STU1081,7.2,88.0,87.1,95.8,1
STU1258,6.7,85.5,93.4,75.6,1
STU1296,6.7,91.1,69.8,89.8,1
STU3093,3.1,50.0,44.9,40.0,0
STU2035,6.9,88.4,87.7,96.2,1
STU2546,8.1,89.9,68.6,88.3,1
STU2841,7.3,84.3,84.9,84.6,1
STU2741,7.4,83.7,84.7,90.0,1
STU3376,3.0,66.6,45.5,56.3,0
STU1655,10.0,84.1,87.6,81.2,1
STU3777,2.8,50.0,36.3,59.7,0
STU3856,2.5,55.8,35.0,50.9,0
STU3326,5.0,51.5,47.2,48.4,0
STU4183,3.0,68.1,42.7,46.9,0
STU4568,3.8,60.0,38.1,61.7,0
STU4571,2.8,69.9,42.6,40.0,0
STU3813,3.3,61.2,46.4,44.1,0
STU3531,2.2,74.3,45.0,47.5,0
STU1656,7.6,93.1,99.2,97.7,1
STU2910,7.7,83.6,74.8,90.5,1
STU2746,7.8,86.9,84.9,79.3,1
STU3416,3.5,60.4,43.8,43.2,0
STU3214,2.1,61.1,54.8,48.8,0
STU1412,6.2,97.2,81.5,84.3,1
STU1979,5.6,91.3,85.1,95.9,1
STU2172,7.8,91.6,71.8,83.3,1
STU2432,8.5,96.1,77.1,75.0,1
STU2075,8.7,83.6,83.6,90.1,1
STU2023,7.5,85.5,80.5,81.1,1
STU4227,2.7,83.7,45.9,54.3,0
STU1721,7.9,99.7,90.1,89.0,1
STU1153,6.7,88.1,82.7,79.6,1
STU1949,7.4,86.9,78.9,82.4,1
STU3358,2.2,50.0,45.4,52.4,0
STU2831,8.3,86.8,80.1,83.6,1
STU1103,7.1,82.8,92.8,77.1,1
STU4456,2.4,66.9,46.2,63.1,0
STU1732,6.3,98.1,81.6,78.8,1
STU1240,8.5,92.1,81.4,87.5,1
STU4352,3.7,66.3,48.7,42.9,0
STU3974,4.7,65.9,46.9,47.7,0
STU2728,8.5,94.4,80.2,73.7,1
STU3094,2.7,54.2,42.5,46.8,0
STU3841,2.4,51.8,38.3,49.8,0
STU1858,8.1,86.6,89.6,83.0,1
STU2158,10.0,88.7,100.0,79.6,1
STU1863,9.4,81.4,76.5,98.5,1
STU3520,4.4,78.9,44.3,57.5,0
STU3848,3.3,72.4,35.6,52.6,0
STU3726,2.8,56.3,53.0,68.4,0
STU4793,3.4,74.6,52.3,40.0,0
STU1756,10.0,85.3,84.4,68.3,1
STU1333,7.6,78.9,88.0,81.9,1
STU1745,8.1,72.8,94.8,78.0,1
STU4289,3.2,55.7,39.7,63.6,0
STU3644,3.4,60.3,53.4,45.8,0
STU3275,2.0,55.9,46.6,62.1,0
STU4632,3.1,59.4,35.0,45.8,0
STU4803,5.7,57.9,64.5,55.1,0
STU4780,3.6,55.3,46.4,56.1,0
STU4129,3.8,56.4,35.0,47.9,0
STU3084,4.1,74.5,44.5,45.0,0
STU3703,1.6,58.6,36.9,50.4,0
STU4963,4.0,52.4,48.3,40.0,0
STU1908,8.4,81.2,72.8,82.5,1
STU3284,1.0,63.9,51.2,46.8,0
STU2164,5.5,83.8,82.1,75.6,1
STU3184,3.4,67.0,35.0,45.1,0
STU4723,3.3,59.1,41.4,41.6,0
STU3212,3.9,65.2,44.9,63.7,0
STU3068,4.2,65.5,42.3,42.4,0
STU1555,7.9,82.8,81.4,83.0,1
STU4026,4.0,74.8,53.5,40.0,0
STU4610,3.7,56.0,35.0,41.8,0
STU1832,6.4,82.5,72.5,79.7,1
STU4432,2.3,64.8,53.3,54.7,0
STU4202,2.7,50.4,56.7,56.1,0
STU3091,2.0,58.5,49.7,49.9,0
STU2755,8.1,83.8,80.4,85.4,1
STU1812,7.0,84.2,66.7,75.0,1
STU1889,8.2,85.7,83.8,80.6,1
STU3464,2.0,55.2,43.7,49.0,0
STU3989,4.9,67.0,41.3,56.8,0
STU2660,8.9,100.0,76.6,79.1,1
STU3510,3.9,53.0,49.4,40.7,0
STU2234,10.0,99.5,79.9,90.1,1
STU4874,4.7,55.1,43.3,51.6,0
STU2449,9.0,85.7,84.6,93.7,1
STU3874,2.9,66.9,45.6,57.9,0
STU2966,7.6,90.2,83.0,81.8,1
STU1694,8.2,87.2,86.2,88.3,1
STU2058,8.9,89.2,82.2,84.8,1
STU2799,8.8,82.0,86.1,86.0,1
STU2028,7.6,90.7,78.5,77.1,1
STU2537,8.1,92.1,73.6,82.0,1
STU4433,2.9,50.0,47.8,43.8,0
STU2703,8.3,82.5,82.5,80.4,1
STU3336,3.6,61.5,35.0,58.7,0
STU1347,5.8,85.1,81.6,82.0,1
STU1924,6.7,87.6,93.3,80.0,1
STU4260,2.9,53.5,49.3,40.0,0
STU2188,7.2,93.4,83.7,99.9,1
STU1843,6.2,96.9,87.5,98.1,1
STU4279,2.7,65.4,38.4,51.4,0
STU4777,3.6,50.6,41.7,63.7,0
STU3728,4.2,50.2,42.6,52.9,0
STU3828,3.6,64.2,35.0,62.5,0
STU2421,8.1,84.4,82.3,82.0,1
STU2925,10.0,86.4,68.0,82.8,1
STU1179,7.2,100.0,96.5,96.1,1
STU3277,5.9,62.9,43.3,54.9,0
STU4186,3.1,53.7,64.5,47.9,0
STU1813,9.2,98.4,87.3,79.1,1
STU2878,7.2,89.5,85.0,87.3,1
STU2337,6.8,79.8,77.9,84.7,1
STU4159,4.7,67.2,35.0,41.5,0
STU4108,3.7,57.7,51.5,47.9,0
STU2558,6.5,88.7,90.4,84.9,1
STU3802,1.9,66.1,36.9,55.9,0
STU3177,5.0,61.4,35.0,61.9,0
STU2813,9.4,82.9,83.8,86.1,1
STU1174,7.9,88.9,74.3,75.8,1
STU3355,5.6,67.6,52.4,45.1,0
STU4058,3.1,56.6,36.3,40.0,0
STU1332,6.4,87.6,72.8,75.5,1
STU2362,8.2,77.9,82.9,89.6,1
STU1431,6.1,91.4,67.8,80.6,1
STU4653,3.4,64.1,55.7,54.0,0
STU3010,4.3,68.5,41.7,65.2,0
STU2105,8.8,83.6,85.2,89.4,1
STU3563,4.2,62.3,41.7,61.9,0
STU1480,8.8,92.2,90.4,87.1,1
STU2279,7.7,88.5,75.8,84.4,1
STU3604,3.7,52.5,42.2,54.1,0
STU1747,7.7,89.4,83.1,78.3,1
STU2770,8.2,84.7,69.0,93.2,1
STU4555,2.7,65.4,35.0,57.4,0
STU3338,1.7,75.0,49.6,45.8,0
STU4752,3.4,73.8,44.6,51.2,0
STU2941,7.9,90.3,71.4,71.2,1
STU2796,6.6,86.0,81.2,93.4,1
STU1325,6.3,88.0,75.9,81.6,1
STU2269,6.6,89.4,71.3,86.3,1
STU1469,6.9,92.1,82.9,88.7,1
STU1562,10.0,88.5,95.8,94.4,1
STU3631,1.7,71.7,60.4,44.4,0
STU3351,1.5,63.1,39.8,59.6,0
STU3079,3.6,64.9,58.4,45.5,0
STU4785,1.5,52.9,39.5,55.8,0
STU3971,2.8,65.0,43.5,53.5,0
STU3347,2.8,69.1,46.7,44.5,0
STU1062,7.3,87.2,84.2,90.1,1
STU3804,3.9,62.4,45.8,50.3,0
STU2898,9.4,92.3,90.7,84.2,1
STU3877,2.9,67.3,35.0,57.2,0
STU1255,5.7,80.5,83.9,82.3,1
STU4782,4.4,57.1,39.1,49.3,0
STU2095,8.4,82.8,81.1,89.7,1
STU2062,4.1,86.0,90.4,89.2,1
STU1916,7.8,99.1,83.7,76.0,1
STU2042,6.9,88.9,68.5,82.1,1
STU3567,4.6,72.3,49.3,44.2,0
STU1068,8.7,87.2,84.4,92.7,1
STU2872,7.2,88.9,83.7,98.3,1
STU3789,3.9,50.0,37.2,47.2,0
STU1222,5.3,84.1,88.8,84.8,1
STU2963,8.1,88.3,82.3,79.5,1
STU3409,2.5,71.2,38.3,43.2,0
STU3878,1.9,69.9,51.5,50.7,0
STU4174,1.9,59.4,49.1,50.6,0
STU1089,6.9,85.3,91.1,86.8,1
STU2808,8.1,76.2,79.1,97.1,1
STU2676,7.1,88.4,82.2,79.8,1
STU3829,3.8,57.6,48.7,58.8,0
STU2489,5.7,82.5,76.3,86.8,1
STU4033,3.7,50.0,46.3,54.5,0
STU2722,7.2,98.2,95.8,95.1,1
STU4807,3.4,50.6,38.6,42.1,0
STU1437,9.5,87.2,91.4,75.6,1
STU4580,2.8,56.2,35.0,45.1,0
STU4601,1.0,50.0,37.9,51.8,0
STU4190,5.0,50.0,44.9,50.0,0
STU4403,1.5,56.9,44.6,40.0,0
STU3348,3.5,73.2,44.6,40.0,0
STU4442,2.9,56.3,44.5,46.9,0
STU4570,2.8,56.6,35.0,40.2,0
STU2514,5.3,77.5,84.1,81.7,1
STU3649,3.5,59.1,35.0,69.3,0
STU4275,2.5,67.7,46.1,53.3,0
STU2737,6.2,85.3,86.6,100.0,1
STU2403,8.9,89.2,86.3,84.2,1
STU1284,6.0,82.1,89.8,92.1,1
STU1713,6.8,91.0,85.3,95.0,1
STU1275,6.3,81.5,65.8,82.2,1
STU3273,2.6,77.8,43.7,40.0,0
STU1622,8.1,92.7,95.8,86.3,1
STU2923,6.2,85.9,87.2,76.2,1
STU1866,7.0,86.2,68.5,92.2,1
STU4944,5.2,65.7,40.8,62.5,0
STU2643,7.4,82.1,59.3,81.9,1
STU3484,1.7,66.9,53.5,52.8,0
STU4995,4.5,65.6,42.6,47.7,0
STU1424,8.7,87.7,89.6,86.0,1
STU3992,4.2,68.2,40.3,57.3,0
STU2222,7.9,92.5,82.1,69.1,1
STU1507,6.8,100.0,87.5,93.9,1
STU4861,3.9,65.4,55.2,65.6,0
STU4564,4.7,74.8,42.0,40.0,0
STU2124,6.1,85.9,81.4,84.7,1
STU3513,3.5,61.2,42.2,42.5,0
STU1501,8.6,91.4,74.3,93.6,1
STU2109,6.8,90.7,73.4,68.4,1
STU2282,7.3,88.2,87.3,94.6,1
STU1550,6.8,100.0,80.2,89.1,1
STU1558,7.0,88.0,84.9,92.8,1
STU2602,9.1,83.7,81.2,81.4,1
STU1603,8.5,84.2,95.1,91.4,1
STU1443,5.0,80.2,86.4,75.3,1
STU2780,6.7,87.5,87.6,78.4,1
STU1219,6.9,100.0,84.6,83.1,1
STU3108,4.1,61.1,61.1,53.7,0
STU1898,7.7,98.3,73.0,77.1,1
STU1737,7.8,86.0,75.7,90.7,1
STU4324,1.4,74.8,45.1,53.6,0
STU3481,2.8,70.9,43.1,43.1,0
STU4817,3.3,69.1,45.7,65.7,0
STU3060,2.1,50.5,47.3,42.0,0
STU2905,7.4,97.7,74.9,92.8,1
STU4383,1.8,50.6,49.2,40.0,0
STU2667,6.3,92.4,87.6,77.8,1
STU4959,3.9,55.3,57.4,57.3,0
STU3830,1.8,57.2,36.2,43.3,0
STU4131,4.5,50.0,44.8,46.3,0
STU4342,3.3,57.9,39.2,44.5,0
STU3482,3.2,60.0,43.9,41.3,0
STU2205,7.6,82.3,100.0,72.8,1
STU2160,7.1,89.9,73.0,82.2,1
STU3291,3.1,54.0,41.3,40.0,0
STU2534,7.3,80.6,83.7,81.9,1
STU1806,7.1,77.3,69.2,84.1,1
STU3707,3.4,62.3,40.0,54.2,0
STU2875,9.1,83.6,92.2,100.0,1
STU4276,1.1,68.2,35.0,40.0,0
STU1579,5.7,89.7,77.5,86.8,1
STU3280,4.4,71.5,35.4,52.2,0
STU4419,3.3,59.6,46.3,47.5,0
STU2363,7.6,77.2,82.5,92.4,1
STU1001,8.1,83.9,75.1,77.2,1
STU4427,2.1,50.0,37.0,53.4,0
STU4729,2.7,58.0,47.3,43.8,0
STU4846,2.9,61.1,42.0,56.9,0
STU1965,7.4,95.3,76.8,86.4,1
STU4254,1.8,67.4,41.6,52.3,0
STU2012,7.7,96.0,87.9,85.2,1
STU1248,6.7,80.0,99.6,89.5,1
STU2426,5.1,94.4,87.2,88.8,1
STU3112,1.1,76.9,51.1,46.2,0
STU4977,5.0,63.6,52.0,56.3,0
STU4408,2.7,74.2,36.9,50.2,0
STU4794,2.1,62.2,46.7,55.0,0
STU2510,9.3,84.8,80.9,81.5,1
STU4516,1.7,74.3,35.0,65.1,0
STU1651,9.7,82.6,80.0,86.8,1
STU2968,7.3,76.7,91.8,82.3,1
STU3047,2.5,65.6,50.2,47.5,0
STU2559,9.3,87.3,81.8,78.9,1
STU4801,4.2,62.0,45.9,40.0,0
STU1176,8.5,100.0,85.9,83.2,1
STU1279,7.6,92.0,81.5,76.5,1
STU2136,8.7,90.7,82.4,88.6,1
STU4553,3.8,71.4,40.8,40.0,0
STU3485,5.4,66.6,36.5,52.5,0
STU3431,2.4,58.6,55.8,40.0,0
STU3530,2.7,62.2,45.2,45.0,0
STU4520,2.8,59.7,40.4,51.5,0
STU1692,8.9,86.5,83.9,80.1,1
STU4962,2.3,62.3,47.9,54.7,0
STU1417,9.4,91.3,84.1,76.0,1
STU3890,2.9,67.2,39.9,45.8,0
STU1218,7.2,87.6,78.1,76.6,1
STU3489,3.8,54.1,44.9,42.2,0
STU2972,4.0,81.4,82.0,89.5,1
STU4406,5.2,66.6,45.8,53.7,0
STU4112,3.8,69.7,47.6,51.5,0
STU1904,9.0,90.0,79.0,81.7,1
STU3926,3.9,53.3,44.7,47.7,0
STU1913,7.8,83.6,88.6,80.2,1
STU4470,3.1,63.0,48.6,43.0,0
STU1728,7.9,96.0,78.1,83.4,1
STU4756,4.4,71.9,38.3,43.1,0
STU4080,1.3,74.5,49.3,47.3,0
STU3826,1.7,59.8,48.9,53.6,0
STU3156,2.8,70.4,37.4,47.2,0
STU1450,6.2,83.9,94.0,87.4,1
STU2396,7.7,79.7,88.4,72.1,1
STU1377,8.5,85.8,63.0,87.5,1
STU4143,3.5,51.4,44.1,40.0,0
STU2753,6.7,95.5,93.1,90.7,1
STU4967,2.7,62.6,53.0,46.9,0
STU1434,8.4,87.0,77.5,75.6,1
STU1953,6.0,90.8,88.3,74.7,1
STU1372,8.1,84.7,77.6,83.7,1
STU4278,3.6,62.1,43.1,40.0,0
STU3397,4.2,58.2,59.3,61.6,0
STU2422,8.8,87.5,72.5,84.9,1
STU1701,6.9,90.3,74.1,93.3,1
STU3868,2.3,55.6,46.2,62.3,0
STU1645,7.2,81.5,87.1,78.2,1
STU2458,8.0,85.7,79.8,90.3,1
STU1666,7.6,79.8,80.7,78.5,1
STU2504,7.5,88.3,70.9,85.7,1
STU2428,6.2,96.3,81.8,76.8,1
STU2633,6.7,86.6,83.2,91.8,1
STU3421,3.5,70.5,37.4,51.1,0
STU2481,8.4,86.2,97.7,83.4,1
STU2165,8.7,81.1,88.4,79.8,1
STU1795,6.2,87.8,80.8,83.6,1
STU4592,2.9,52.7,57.1,48.2,0
STU1247,6.9,82.6,83.3,88.8,1
STU4816,3.4,67.6,36.7,55.0,0
STU1735,8.7,99.9,84.3,89.3,1
STU1506,6.9,83.0,85.0,83.2,1
STU3441,2.3,59.5,47.4,60.0,0
STU2190,6.3,99.0,95.8,70.8,1
STU4373,2.6,63.9,46.7,51.4,0
STU4444,3.3,65.4,47.7,53.5,0
STU2615,7.3,92.2,77.9,95.5,1
STU1533,7.4,91.3,86.0,95.8,1
STU1933,5.8,82.7,94.3,86.7,1
STU1109,7.8,86.0,80.4,88.7,1
STU2868,8.9,97.9,76.4,90.7,1
STU1950,7.8,78.2,85.5,89.9,1
STU3414,3.5,57.8,49.8,45.9,0
STU3949,3.6,56.0,60.9,56.0,0
STU4206,1.3,61.6,35.0,54.9,0
STU3224,3.7,65.4,48.6,54.4,0
STU3975,4.1,54.3,54.2,58.4,0
STU4958,2.1,65.2,51.6,56.7,0
STU1544,9.2,86.1,77.2,83.8,1
STU2766,6.5,88.1,79.4,84.8,1
STU3495,2.1,56.4,45.9,56.7,0
STU3935,3.9,64.0,54.1,58.8,0
STU1260,8.4,89.2,74.9,82.7,1
STU2515,7.4,90.6,91.6,76.8,1
STU2779,7.0,75.5,82.2,83.4,1
STU2863,8.5,88.0,79.3,75.1,1
STU2296,7.4,81.5,80.6,82.1,1
STU1928,8.0,89.3,83.9,77.1,1
STU1613,7.8,86.8,93.5,76.4,1
STU3632,2.9,62.8,44.2,40.5,0
STU2232,5.9,75.8,86.0,96.8,1
STU1220,7.6,86.5,67.6,94.6,1
STU4130,4.3,69.8,52.5,40.0,0
STU1486,5.8,93.2,69.2,100.0,1
STU3317,3.0,71.8,59.6,56.6,0
STU3165,1.3,50.0,57.5,41.7,0
STU4522,5.4,50.0,38.0,42.6,0
STU3993,3.0,57.2,55.4,51.7,0
STU1259,8.0,72.4,81.3,78.0,1
STU4843,2.6,68.1,46.2,44.7,0
STU1387,7.9,86.6,76.5,84.8,1
STU1848,10.0,83.0,77.8,88.3,1
STU3574,4.5,65.3,35.0,40.5,0
STU4234,3.1,60.8,57.3,46.8,0
STU4613,2.7,65.8,36.6,59.9,0
STU4102,4.3,54.1,35.0,40.0,0
STU3862,3.3,51.3,41.0,47.0,0
STU2624,6.7,88.3,85.8,79.9,1
STU2002,8.6,82.8,78.4,72.6,1
STU1210,10.0,88.0,73.0,80.4,1
STU4621,3.6,59.5,56.5,56.4,0
STU3092,4.1,52.9,35.0,47.8,0
STU2949,8.9,86.3,68.7,91.8,1
STU1911,7.1,84.8,77.9,70.2,1
STU2719,8.4,86.9,86.4,82.9,1
STU3553,3.8,51.6,49.2,63.2,0
STU3985,3.0,69.6,51.5,40.0,0
STU3164,3.2,61.2,45.5,63.1,0
STU1597,7.2,84.4,79.8,81.5,1
STU2951,5.4,91.1,83.1,75.1,1
STU4765,3.4,61.4,45.3,62.1,0
STU1297,8.6,90.5,73.6,78.5,1
STU4717,3.5,65.0,52.6,56.3,0
STU1508,6.5,95.5,84.1,88.4,1
STU3865,3.7,61.6,43.5,57.4,0
STU1008,8.4,83.1,77.0,73.9,1
STU3253,1.1,66.2,63.9,41.6,0
STU4055,1.3,68.6,37.8,48.4,0
STU3030,3.3,61.3,52.6,61.9,0
STU3149,3.5,50.0,42.5,55.8,0
STU3087,1.0,54.3,51.3,61.0,0
STU4118,4.0,61.4,44.5,46.1,0
STU3551,1.7,56.5,49.1,43.5,0
STU4359,2.8,56.6,35.0,43.8,0
STU1178,9.2,89.1,84.5,76.5,1
STU4854,2.5,65.5,39.6,42.0,0
STU3779,4.5,65.1,35.0,49.0,0
STU1791,8.0,91.6,79.9,84.4,1
STU2335,7.7,96.4,75.8,86.7,1
STU1679,8.6,88.6,88.9,80.4,1
STU4454,3.5,53.7,45.6,56.7,0
STU4013,1.0,60.9,35.0,57.4,0
STU2437,7.2,91.4,81.5,79.6,1
STU1097,7.9,92.0,86.8,77.0,1
STU1044,7.1,88.9,84.4,82.5,1
STU2815,7.2,80.4,62.5,85.8,1
STU2491,6.8,86.0,78.7,83.1,1
STU2229,8.7,92.7,86.8,86.1,1
STU1760,8.3,91.7,87.8,86.1,1
STU4627,3.4,56.1,39.9,47.5,0
STU3019,5.5,56.3,50.1,46.7,0
STU3750,2.9,60.7,41.6,41.6,0
STU4067,2.2,59.6,64.2,55.3,0
STU1026,7.6,89.1,79.5,85.8,1
STU3303,2.4,77.1,55.4,61.8,0
STU2611,7.1,88.2,87.3,86.6,1
STU1680,9.0,86.4,84.0,81.2,1
STU2843,6.8,93.9,70.1,89.6,1
STU3645,3.5,55.7,47.5,50.8,0
STU2223,8.3,96.2,80.2,83.6,1
STU1782,5.9,84.1,84.3,85.1,1
STU4668,2.8,57.7,57.4,40.0,0
STU4814,4.4,74.5,42.9,46.8,0
STU3339,3.4,57.8,48.9,42.5,0
STU2357,6.8,88.5,68.9,87.1,1
STU2616,10.0,92.4,61.6,77.4,1
STU4128,2.3,53.3,41.0,52.1,0
STU3383,3.3,54.6,39.5,63.3,0
STU3148,5.0,60.8,51.5,69.1,0
STU1884,8.8,90.7,85.8,83.7,1
STU1383,5.0,90.1,76.7,81.4,1
STU3836,3.2,60.1,36.4,49.0,0
STU2338,7.1,87.1,75.6,72.8,1
STU3753,3.9,50.0,35.5,50.2,0
STU1032,9.7,82.2,70.7,82.0,1
STU3182,3.5,63.8,47.4,62.7,0
STU3035,2.8,50.0,55.4,45.8,0
STU4608,3.7,63.8,54.3,56.9,0
STU1611,8.3,91.9,82.5,89.8,1
STU1571,7.5,88.2,77.2,84.1,1
STU1344,6.9,84.8,90.2,83.8,1
STU2886,7.8,91.2,95.4,88.3,1
STU2651,8.2,90.4,80.6,92.7,1
STU4039,4.1,63.3,50.6,40.9,0
STU3497,3.8,50.1,52.4,44.8,0
STU2048,5.6,86.0,81.8,84.3,1
STU4629,2.3,82.1,48.5,40.0,0
STU2072,8.1,98.2,80.2,78.4,1
STU2812,7.7,90.5,93.5,83.8,1
STU4487,3.0,50.0,49.5,40.0,0
STU3536,4.0,52.3,35.0,40.0,0
STU1966,9.2,86.4,80.1,88.8,1
STU1529,7.8,100.0,81.6,85.1,1
STU1177,7.5,78.4,81.9,83.9,1
STU1423,7.2,86.6,92.0,94.1,1
STU4369,4.3,51.7,43.5,48.1,0
STU4242,3.1,71.1,38.8,57.9,0
STU3020,4.3,76.4,46.7,48.9,0
STU1573,7.9,86.2,88.5,100.0,1
STU4538,4.3,63.5,51.2,40.0,0
STU1289,7.8,84.4,94.1,95.1,1
STU3659,3.3,67.4,48.8,53.6,0
STU3922,3.6,51.1,48.2,40.0,0
STU3633,4.9,59.3,43.8,48.3,0
STU2591,6.2,94.4,77.6,79.1,1
STU4943,5.4,68.3,35.0,47.0,0
STU3100,3.4,57.3,46.3,51.8,0
STU2392,6.7,83.2,83.3,85.5,1
STU3855,3.0,55.5,35.6,53.5,0
STU2740,9.6,79.9,82.8,89.3,1
STU2730,9.7,74.1,81.6,86.2,1
STU2919,7.3,93.7,87.2,80.2,1
STU4101,2.8,65.0,47.1,61.8,0
STU1371,7.5,87.1,68.1,83.2,1
STU4293,1.5,71.4,49.4,46.4,0
STU4713,1.8,71.1,51.4,51.1,0
STU3635,2.0,64.5,45.2,54.8,0
STU4412,2.2,50.0,48.3,56.1,0
STU3070,2.8,59.2,56.9,42.7,0
STU1142,9.1,88.3,95.1,84.7,1
STU4356,3.7,73.4,43.9,46.7,0
STU1492,9.3,83.9,74.3,78.7,1
STU1199,7.6,84.2,57.9,82.9,1
STU2789,7.9,89.1,68.0,84.6,1
STU3527,2.8,57.5,36.4,50.3,0
STU4925,3.3,58.0,62.2,59.5,0
STU2457,8.4,94.5,77.0,78.6,1
STU1196,8.0,84.0,78.0,84.0,1
STU1875,7.5,87.8,77.1,75.6,1
STU3440,3.8,56.7,50.4,40.9,0
STU4824,2.7,71.9,51.1,40.0,0
STU1841,7.4,89.8,75.5,80.5,1
STU1582,7.0,90.3,74.1,86.7,1
STU4949,3.0,55.4,66.9,42.5,0
STU1906,7.6,92.5,89.4,87.0,1
STU1632,9.3,90.8,77.7,88.2,1
STU3577,3.2,60.5,57.5,48.3,0
STU1163,8.9,91.0,79.9,76.2,1
STU3074,2.3,65.7,35.0,52.2,0
STU3081,2.4,76.8,55.1,44.3,0
STU2761,9.5,89.9,82.2,94.2,1
STU3662,1.7,64.0,44.6,59.7,0
STU1926,5.7,89.5,78.0,75.7,1
STU2833,8.6,94.2,73.2,89.5,1
STU1548,7.3,84.6,81.5,79.3,1
STU3294,5.6,60.6,57.8,47.8,0
STU2189,8.2,93.4,74.7,83.0,1
STU3000,6.6,90.2,72.6,99.5,1
STU3098,4.5,64.4,40.2,57.4,0
STU1612,7.4,81.2,65.8,91.7,1
STU3195,3.3,59.3,50.7,41.0,0
STU4662,3.5,57.3,49.6,44.7,0
STU2508,8.6,87.6,61.7,79.6,1
STU2870,7.0,94.0,78.9,90.1,1
STU1743,6.8,88.3,82.0,74.0,1
STU1638,7.6,93.6,72.2,75.8,1
STU4536,2.7,73.2,52.2,65.6,0
STU3016,4.7,62.3,40.8,49.5,0
STU4762,2.3,68.5,47.7,47.6,0
STU2098,5.1,91.5,73.0,84.6,1
STU2484,7.0,87.6,82.3,82.8,1
STU1049,7.9,86.0,81.2,75.6,1
STU2352,5.3,86.0,85.0,85.9,1
STU1922,6.3,92.5,84.4,80.6,1
STU4563,3.8,52.5,35.0,49.9,0
STU1757,8.1,89.2,70.0,87.4,1
STU3125,2.8,59.8,52.2,67.1,0
STU3367,3.8,53.9,43.0,45.1,0
STU2468,8.0,88.8,84.0,82.4,1
STU4643,3.5,74.1,35.0,45.6,0
STU2695,7.7,93.2,95.7,89.3,1
STU2323,7.4,78.7,90.7,81.8,1
STU2177,5.5,79.2,71.6,93.3,1
STU2948,7.5,90.6,91.3,90.6,1
STU2214,8.6,97.1,85.2,82.2,1
STU4934,2.4,69.3,42.6,55.5,0
STU3534,4.7,68.5,53.7,57.3,0
STU3288,2.1,62.1,35.0,52.1,0
STU3782,4.3,50.0,35.0,45.8,0
STU3678,3.7,63.4,48.9,43.6,0
STU2071,7.4,80.4,72.6,93.4,1
STU4730,3.6,66.3,48.0,45.9,0
STU3831,2.8,73.5,52.5,55.1,0
STU3442,4.7,57.7,39.8,54.6,0
STU4604,2.8,62.8,55.8,61.5,0
STU2715,6.9,94.1,85.2,94.1,1
STU4022,5.0,50.0,53.1,51.1,0
STU3197,3.9,64.2,39.7,51.1,0
STU2150,6.5,82.6,84.6,79.8,1
STU4087,5.4,63.8,54.7,40.0,0
STU3229,2.9,57.7,52.7,47.0,0
STU3964,2.9,64.3,57.8,49.7,0
STU3610,2.4,56.6,47.5,62.1,0
STU2552,7.3,78.6,85.3,98.4,1
STU3555,4.2,70.1,41.5,45.9,0
STU2289,6.2,84.2,77.2,91.0,1
STU4862,3.7,53.9,57.3,61.9,0
STU3808,3.2,61.9,42.4,45.0,0
STU2642,9.2,86.9,77.5,85.6,1
STU1868,7.9,82.7,81.7,79.4,1
STU1927,6.8,87.3,78.4,85.1,1
STU4211,1.6,70.0,52.3,57.5,0
STU1998,8.3,80.5,100.0,81.3,1
STU4021,3.4,66.4,43.7,55.5,0
STU2830,7.5,90.9,92.9,77.0,1
STU2133,9.4,77.6,85.1,89.1,1
STU2341,7.7,92.2,73.6,80.8,1
STU4675,3.9,50.0,43.3,44.1,0
STU1211,8.2,80.5,79.9,91.9,1
STU4980,1.3,79.9,46.9,59.1,0
STU1060,8.7,89.2,80.1,89.2,1
STU4671,3.4,50.0,59.3,46.1,0
STU3620,4.9,50.0,46.9,54.9,0
STU4898,2.9,64.2,35.0,43.5,0
STU4947,1.0,66.6,71.3,59.3,0
STU1766,6.7,92.9,84.0,87.9,1
STU3103,2.7,50.0,43.8,58.0,0
STU4230,3.2,62.1,50.0,49.4,0
STU2079,9.3,89.4,84.7,88.9,1
STU3660,3.3,52.6,49.9,51.5,0
STU4743,1.6,61.1,39.1,54.9,0
STU3045,4.2,55.4,58.4,51.0,0
STU3067,4.5,59.8,47.8,55.4,0
STU1583,8.3,87.7,82.0,83.1,1
STU3124,3.2,50.0,42.5,45.1,0
STU4529,3.4,66.8,59.3,42.9,0
STU4617,4.3,59.2,47.9,46.9,0
STU1941,6.0,94.0,86.7,82.0,1
STU2081,7.1,95.2,74.1,87.4,1
STU1188,7.4,86.4,76.3,93.2,1
STU4106,2.8,50.0,35.0,64.9,0
STU3311,2.2,62.8,58.1,50.2,0
STU3677,3.4,70.8,50.2,46.8,0
STU4095,4.5,57.2,54.9,52.8,0
STU4820,4.4,67.3,46.4,55.9,0
STU2601,7.3,83.1,80.5,84.1,1
STU4857,2.3,60.1,37.1,45.5,0
STU1227,7.6,96.5,97.0,75.0,1
STU2613,8.6,86.9,90.3,79.3,1
STU1536,7.6,86.2,76.9,90.7,1
STU4849,2.3,50.0,46.2,58.8,0
STU4216,4.5,70.9,49.1,63.4,0
STU4127,3.8,53.9,53.4,53.6,0
STU1698,6.0,80.1,92.2,92.9,1
STU4614,1.1,54.7,39.2,53.4,0
STU3375,3.0,63.1,38.2,56.0,0
STU2778,7.5,80.6,79.2,77.9,1
STU4625,1.9,79.4,40.3,48.5,0
STU3805,3.6,69.4,37.3,54.1,0
STU2038,5.7,89.0,76.5,78.5,1
STU1209,8.1,86.1,75.1,84.6,1
STU2847,9.0,94.5,100.0,78.8,1
STU1566,7.0,85.6,77.4,90.0,1
STU1314,8.5,91.0,85.1,89.3,1
STU1602,6.4,91.7,89.5,85.4,1
STU1234,6.7,93.4,86.0,67.6,1
STU2261,8.2,86.6,92.0,98.9,1
STU1932,9.8,85.3,64.5,91.0,1
STU4221,3.5,54.6,53.5,51.4,0
STU2724,8.2,77.3,77.2,85.1,1
STU1112,7.5,87.0,75.8,76.1,1
STU3705,5.1,66.7,49.1,40.0,0
STU2090,7.3,88.9,76.3,91.1,1
STU3743,3.3,55.4,54.5,53.9,0
STU3029,1.4,50.0,35.0,55.9,0
STU4945,3.0,78.1,38.1,54.4,0
STU2744,8.9,89.0,70.3,89.2,1
STU1473,5.7,83.3,92.4,85.9,1
STU3097,4.5,67.4,55.8,55.5,0
STU4733,4.6,69.5,57.1,55.0,0
STU2787,7.1,89.9,81.1,85.7,1
STU4277,2.7,77.1,42.5,40.0,0
STU2374,5.6,98.8,81.5,71.6,1
STU4704,3.2,74.4,39.0,50.6,0
STU1362,9.3,79.9,75.4,92.9,1
STU1136,9.4,84.6,78.9,77.0,1
STU2135,7.2,88.2,69.3,82.3,1
STU2152,4.9,85.8,75.2,90.2,1
STU3469,1.9,71.8,57.2,40.0,0
STU2054,7.8,83.3,79.8,87.3,1
STU4317,2.9,69.3,63.7,62.1,0
STU1023,7.6,96.2,67.2,100.0,1
STU2973,8.3,90.1,87.5,80.4,1
STU3953,2.2,68.8,61.9,55.6,0
STU2653,7.7,90.7,81.0,84.6,1
STU1696,7.1,96.6,80.4,77.4,1
STU1421,10.0,94.3,93.0,77.0,1
STU4950,4.6,52.4,49.6,64.9,0
STU1461,9.9,88.5,91.5,82.3,1
STU2068,8.9,88.1,94.9,83.6,1
STU1088,7.9,87.1,82.6,74.2,1
STU1283,9.4,95.2,91.3,91.4,1
STU3999,2.4,68.3,57.3,42.9,0
STU2314,8.2,81.9,83.5,71.4,1
STU2408,9.3,88.8,91.2,89.9,1
STU4795,2.6,72.6,38.6,47.6,0
STU3113,1.3,56.6,41.4,48.1,0
STU1860,8.3,89.2,80.9,91.3,1
STU1534,6.0,82.5,75.0,93.8,1
STU4510,4.1,70.5,58.3,56.6,0
STU4784,3.6,58.5,44.6,43.5,0
STU2420,8.1,84.8,72.6,83.3,1
STU4396,4.0,56.5,43.2,44.8,0
STU4169,3.5,61.1,40.3,55.7,0
STU3801,2.3,57.5,57.8,48.4,0
STU4372,3.1,50.0,40.0,62.4,0
STU4939,1.8,56.9,54.7,44.2,0
STU3899,2.0,56.6,35.0,48.9,0
STU2645,6.2,83.1,88.1,91.6,1
STU2413,8.0,99.9,75.9,83.4,1
STU4909,4.4,56.5,39.6,59.5,0
STU3298,3.6,74.6,39.9,43.0,0
STU1943,8.3,91.8,82.7,94.1,1
STU3252,2.0,70.0,35.0,51.2,0
STU4905,4.3,60.1,35.0,40.0,0
STU2652,7.9,91.3,82.7,82.3,1
STU3216,3.5,54.3,41.5,46.9,0
STU3247,3.2,51.3,47.0,62.2,0
STU1122,6.4,92.7,80.9,86.0,1
STU1888,7.1,96.3,94.9,97.6,1
STU3835,4.0,75.2,49.0,40.0,0
STU1686,8.4,89.9,87.3,86.0,1
STU3959,4.2,64.8,53.2,44.9,0
STU1414,9.0,82.5,62.0,87.3,1
STU1790,5.5,89.1,80.6,89.8,1
STU3190,4.2,78.9,37.7,42.7,0
STU2570,6.9,93.4,74.0,80.9,1
STU2804,5.7,89.0,96.6,86.3,1
STU4850,4.0,60.3,54.1,65.1,0
STU2393,9.9,87.6,82.8,75.8,1
STU3139,1.4,70.1,37.7,40.0,0
STU1273,8.9,83.9,71.1,84.4,1
STU3592,1.4,59.0,56.3,44.7,0
STU1522,8.2,100.0,90.6,84.5,1
STU1523,6.7,90.2,86.0,82.4,1
STU4237,3.8,51.5,35.0,68.1,0
STU2913,8.3,94.1,92.1,83.5,1
STU1351,7.9,94.4,65.7,100.0,1
STU2619,7.0,95.2,85.1,75.8,1
STU2862,8.5,83.3,91.8,86.0,1
STU4107,4.0,66.2,35.0,48.3,0
STU2962,7.8,99.3,98.8,96.5,1
STU1652,8.9,97.1,87.0,82.6,1
STU3412,4.3,63.4,39.2,45.5,0
STU4443,2.1,57.6,45.5,62.3,0
STU4701,2.9,66.8,39.5,52.5,0
STU2447,6.9,87.3,71.2,90.4,1
STU2954,6.7,91.4,88.5,75.3,1
STU4735,4.7,55.8,53.2,62.6,0
STU3329,3.3,66.1,42.1,60.7,0
STU1169,7.2,86.6,89.9,83.9,1
STU4707,4.9,55.9,35.0,40.9,0
STU1963,7.7,84.8,81.0,88.5,1
STU1946,6.2,81.1,90.3,92.6,1
STU1463,6.7,90.9,88.7,83.8,1
STU4428,2.5,57.3,36.5,49.9,0
STU1329,8.2,92.2,95.6,94.7,1
STU2658,9.1,75.5,81.6,70.0,1
STU3259,2.8,58.5,35.0,58.1,0
STU3692,3.4,69.0,46.0,51.2,0
STU3304,3.4,54.3,48.2,40.0,0
STU1368,7.5,77.8,82.3,68.9,1
STU4452,3.7,55.2,46.1,53.4,0
STU4015,3.0,69.5,39.7,56.6,0
STU3834,4.2,60.0,56.0,53.8,0
STU4126,3.3,69.2,35.0,48.1,0
STU1773,8.3,86.9,87.2,69.5,1
STU2285,6.6,78.6,95.0,93.7,1
STU3537,3.9,70.8,50.6,52.0,0
STU4579,2.0,71.7,35.0,50.9,0
STU4139,2.5,57.7,49.9,52.4,0
STU1499,6.4,92.7,64.6,84.5,1
STU2235,6.5,80.3,84.5,80.6,1
STU2513,6.6,98.3,87.1,86.5,1
STU1436,7.6,85.8,87.6,82.7,1
STU2252,8.5,89.8,77.7,79.8,1
STU1366,7.0,97.2,98.8,97.5,1
STU2367,7.5,84.8,92.9,97.1,1
STU1277,7.7,92.1,77.2,91.4,1
STU3640,2.5,61.8,42.1,45.3,0
STU4768,3.3,53.7,35.0,42.9,0
STU4440,3.1,62.1,41.5,63.2,0
STU1408,7.3,93.0,78.9,87.1,1
STU2469,6.1,85.3,79.4,82.1,1
STU4364,3.4,62.8,38.1,57.7,0
STU4678,4.9,59.1,45.7,42.3,0
STU1845,7.7,89.3,91.3,100.0,1
STU2911,9.6,79.5,86.0,87.3,1
STU4312,2.2,53.4,52.3,48.4,0
STU1087,8.6,85.0,88.9,82.8,1
STU2544,7.0,81.5,80.4,94.4,1
STU3046,4.1,63.0,47.0,43.7,0
STU3072,3.9,53.1,51.5,48.3,0
STU3365,4.2,54.4,51.0,40.0,0
STU2850,8.0,79.4,77.5,82.7,1
STU1856,6.8,84.9,100.0,96.9,1
STU4957,3.6,73.1,35.0,45.9,0
STU1079,7.6,87.2,78.9,75.6,1
STU1945,9.7,89.9,96.0,72.4,1
STU1200,6.1,90.9,86.6,82.5,1
STU3064,4.3,76.3,46.8,44.0,0
STU2617,7.9,82.1,80.7,86.1,1
STU1802,6.9,100.0,81.5,78.7,1
STU3406,1.0,70.4,45.8,55.7,0
STU3391,3.6,50.0,54.8,41.1,0
STU2984,8.5,81.3,85.1,98.2,1
STU3913,3.0,50.5,58.9,75.1,0
STU1232,7.8,92.7,92.8,82.5,1
STU2407,5.8,92.1,69.7,82.4,1
STU3005,4.6,71.6,45.1,69.8,0
STU4347,3.6,59.8,44.9,48.1,0
STU3651,2.0,60.2,55.9,60.0,0
STU3248,2.8,67.1,39.7,47.9,0
STU3427,4.1,61.7,39.3,46.5,0
STU3929,2.1,53.6,35.0,40.0,0
STU2628,9.0,92.6,89.6,88.4,1
STU4818,3.2,65.4,38.7,40.0,0
STU2144,7.7,84.4,78.7,73.2,1
STU4560,2.8,53.1,49.0,48.8,0
STU1192,8.5,90.8,84.1,77.5,1
STU1105,7.3,80.9,81.5,78.7,1
STU3952,1.9,70.2,35.0,50.0,0
STU4670,3.5,50.0,57.3,62.2,0
STU3669,3.6,62.5,49.0,46.5,0
STU2860,7.8,86.8,76.9,88.8,1
STU3475,3.7,64.9,47.8,43.1,0
STU3228,5.6,62.7,44.3,48.1,0
STU4429,1.0,61.3,41.7,48.8,0
STU4860,5.5,62.2,45.4,49.9,0
STU4046,1.6,68.9,57.2,49.9,0
STU3408,1.3,56.0,38.3,40.0,0
STU3006,3.8,55.8,46.4,46.0,0
STU3760,4.8,54.8,42.8,51.8,0
STU4829,3.8,55.5,46.8,65.4,0
STU2916,6.8,87.4,74.9,85.0,1
STU4902,3.6,52.1,43.2,51.1,0
STU4057,3.0,55.3,42.0,46.6,0
STU2814,8.6,88.6,75.3,82.2,1
STU4399,2.6,61.7,40.3,42.6,0
STU1995,6.3,82.3,76.7,80.6,1
STU1465,7.4,93.2,77.4,76.5,1
STU2500,8.2,85.9,94.8,83.7,1
STU4790,2.5,67.4,42.6,40.8,0
STU4942,5.2,68.3,37.8,58.5,0
STU3160,2.4,71.7,46.4,45.3,0
STU2237,9.5,94.0,70.8,83.2,1
STU3413,2.0,53.4,46.9,43.1,0
STU4523,4.2,52.2,55.2,40.0,0
STU1213,8.6,93.3,88.4,81.7,1
STU2037,6.0,85.9,99.5,74.0,1
STU4869,3.6,64.7,50.3,50.5,0
STU1901,7.9,87.7,78.9,91.6,1
STU2838,7.6,90.3,93.6,84.5,1
STU3816,3.3,59.3,40.1,57.7,0
STU1742,6.0,90.8,86.0,82.2,1
STU4706,2.3,68.0,54.2,61.1,0
STU4090,2.6,74.8,60.5,40.0,0
STU3668,2.4,69.3,42.4,67.4,0
STU2207,6.7,83.4,91.3,87.0,1
STU1510,6.5,80.1,81.4,95.0,1
STU1598,6.3,89.3,92.3,80.7,1
STU3997,4.5,64.6,44.4,59.9,0
STU1982,8.0,95.6,89.1,94.2,1
STU3795,1.9,68.8,65.0,55.3,0
STU4517,5.2,59.5,48.6,46.2,0
STU1519,7.6,86.6,84.8,66.1,1
STU2507,8.3,89.9,73.6,86.4,1
STU1768,9.6,90.7,80.0,87.0,1
STU3637,4.6,55.7,53.3,55.0,0
STU3744,4.2,58.9,42.8,55.1,0
STU1422,9.6,95.0,73.3,79.2,1
STU1124,5.8,86.4,83.7,86.5,1
STU3742,4.9,63.1,57.0,60.1,0
STU4755,2.7,57.2,44.7,49.0,0
STU2809,5.6,91.9,100.0,96.5,1
STU1820,8.8,76.4,79.8,81.2,1
STU2404,8.4,87.4,82.7,83.7,1
STU2383,10.0,89.3,74.7,82.8,1
STU1101,5.8,90.3,70.0,80.9,1
STU4514,2.9,50.8,47.7,40.0,0
STU2284,8.6,93.3,86.8,84.7,1
STU4690,3.5,72.5,51.4,45.9,0
STU4037,3.2,61.1,59.9,50.3,0
STU4491,3.4,55.5,38.4,41.2,0
STU2104,7.3,94.4,82.6,82.9,1
STU3921,5.1,75.0,35.9,48.9,0
STU4170,3.6,61.1,69.3,40.0,0
STU4187,1.3,70.0,38.3,59.6,0
STU3861,3.5,60.8,58.1,45.3,0
STU2353,8.1,90.6,83.3,81.5,1
STU2565,8.4,93.8,82.3,87.5,1
STU4307,4.1,60.0,41.1,50.6,0
STU4077,2.8,57.6,48.2,40.0,0
STU1983,6.3,92.4,84.3,83.1,1
STU1457,7.4,84.5,72.7,76.7,1
STU4612,3.9,82.8,38.5,50.0,0
STU3950,3.8,79.9,46.9,48.7,0
STU3821,3.6,54.1,56.5,40.0,0
STU1382,6.8,82.3,83.4,74.9,1
STU4724,3.2,51.6,63.5,46.4,0
STU2883,6.0,76.9,87.4,94.0,1
STU4340,3.2,66.1,41.1,48.2,0
STU2011,9.1,87.4,94.8,87.0,1
STU2593,8.0,100.0,76.0,79.7,1
STU4990,2.4,75.7,35.0,48.5,0
STU1663,7.5,91.6,77.5,91.0,1
STU3629,3.9,69.4,46.8,44.1,0
STU4652,3.9,59.6,59.0,51.5,0
STU4620,2.5,69.3,38.4,47.1,0
STU2790,9.1,95.8,82.8,92.9,1
STU3988,2.5,60.6,35.0,58.3,0
STU4122,1.6,62.4,36.6,51.2,0
STU4028,4.4,50.7,44.7,55.9,0
STU4576,2.3,64.6,43.8,54.6,0
STU1846,8.1,81.4,86.2,88.1,1
STU1543,8.1,86.7,67.4,72.7,1
STU1092,8.7,89.8,93.4,85.7,1
STU4547,3.9,63.8,36.3,48.9,0
STU4123,3.9,67.3,37.6,54.7,0
STU2197,7.5,92.3,90.2,88.2,1
STU2103,10.0,97.9,84.0,85.7,1
STU3671,4.4,68.2,44.1,53.3,0
STU2792,7.6,85.5,61.9,79.4,1
STU3250,3.9,62.0,42.9,56.3,0
STU2827,6.2,80.9,81.1,84.6,1
STU3150,2.6,58.9,36.3,51.5,0
STU4578,4.0,65.7,49.0,52.2,0
STU2776,5.9,90.8,71.6,89.2,1
STU2049,9.3,90.6,91.0,76.1,1
STU3822,4.7,61.5,39.2,59.3,0
STU2832,7.8,84.8,81.0,90.2,1
STU1899,8.9,86.3,87.4,84.7,1
STU2460,8.3,81.0,80.4,75.6,1
STU2612,5.6,88.7,96.1,59.2,1
STU1238,7.7,82.3,79.2,85.4,1
STU2502,6.8,84.2,86.3,85.9,1
STU3341,3.3,58.4,41.9,61.7,0
STU2134,8.0,97.0,85.6,85.7,1
STU3882,2.8,56.2,35.0,58.0,0
STU3719,3.8,74.0,60.5,48.0,0
STU1164,6.5,94.8,67.3,74.3,1
STU3289,2.5,57.3,42.3,48.4,0
STU2836,7.9,85.6,78.6,79.2,1
STU1253,10.0,79.3,83.7,100.0,1
STU3290,1.1,56.0,40.1,60.2,0
STU4384,2.1,50.6,52.4,41.0,0
STU3806,1.0,56.7,35.0,44.7,0
STU2539,6.1,87.7,72.1,79.8,1
STU1931,6.8,93.2,90.8,79.5,1
STU3026,3.0,73.8,48.9,62.9,0
STU2698,6.7,90.0,76.0,75.1,1
STU4908,5.8,50.0,41.6,48.4,0
STU3979,3.9,70.7,49.2,41.2,0
STU4393,3.0,66.2,48.6,56.8,0
STU3403,3.9,71.6,43.4,57.0,0
STU3227,2.7,56.7,35.0,64.4,0
STU3226,2.7,69.4,55.7,63.6,0
STU2091,7.4,77.1,67.4,81.7,1
STU4179,2.1,59.1,40.3,46.8,0
STU4827,1.3,75.4,54.2,40.9,0
STU2938,8.1,80.0,69.4,100.0,1
STU2182,9.2,91.1,78.4,82.5,1
STU2453,7.8,87.2,95.6,77.6,1
STU1594,7.9,88.3,64.6,80.6,1
STU1678,9.6,78.6,90.8,78.7,1
STU1042,7.7,85.5,88.1,93.5,1
STU2834,7.8,79.5,88.6,83.1,1
STU3390,1.8,66.6,44.2,45.0,0
STU3155,4.2,62.6,50.6,54.6,0
STU2942,7.0,95.4,88.2,87.0,1
STU1244,8.5,78.6,87.6,91.5,1
STU2125,9.5,87.2,87.5,94.4,1
STU2340,7.7,98.8,88.2,93.5,1
STU2867,8.7,89.9,76.7,91.0,1
STU4215,2.5,66.1,40.5,52.9,0
STU4168,2.1,69.7,35.0,46.0,0
STU2443,7.7,88.8,75.2,85.6,1
STU1262,7.4,90.4,79.7,90.4,1
STU4722,3.5,54.0,39.7,54.8,0
STU4255,3.4,59.6,43.3,45.1,0
STU3243,3.0,58.2,50.2,40.0,0
STU3689,5.4,71.7,54.4,59.6,0
STU3655,4.1,55.2,46.3,40.0,0
STU1835,7.5,86.5,66.7,87.7,1
STU4566,3.3,62.0,39.7,52.3,0
STU4666,4.6,56.0,40.9,57.2,0
STU4001,4.0,52.6,45.1,48.9,0
STU3803,3.7,64.3,43.2,40.0,0
STU1341,6.5,92.2,89.5,78.5,1
STU2873,7.1,81.4,84.9,100.0,1
STU1749,6.8,90.3,75.1,81.5,1
STU2892,7.5,91.5,87.7,92.4,1
STU1481,7.3,84.4,72.4,89.9,1
STU2865,9.1,85.8,77.5,81.8,1
STU3219,3.0,71.5,45.4,56.1,0
STU3616,2.1,64.4,48.9,61.8,0
STU3269,2.4,60.8,37.9,53.0,0
STU1784,8.2,81.7,74.2,83.1,1
STU4425,4.2,52.8,53.2,51.4,0
STU4301,3.7,63.8,46.3,40.0,0
STU3607,1.6,65.7,47.3,45.4,0
STU4196,1.5,68.8,35.0,45.7,0
STU4637,3.1,61.6,40.7,66.1,0
STU3494,2.6,56.5,35.0,55.2,0
STU2726,8.8,91.5,72.3,75.0,1
STU2845,7.7,97.7,87.8,96.2,1
STU3621,2.3,58.6,41.1,64.6,0
STU3811,3.4,56.3,56.4,44.3,0
STU2785,7.6,90.8,80.9,86.4,1
STU2272,8.2,82.8,100.0,86.7,1
STU4229,1.3,59.9,40.3,47.3,0
STU3003,3.0,57.2,42.4,67.9,0
STU2128,6.6,95.9,81.9,89.4,1
STU1627,6.3,96.4,76.7,87.6,1
STU1348,5.8,82.8,69.3,93.9,1
STU4503,3.4,66.7,51.1,63.3,0
STU3542,1.7,63.5,39.2,60.9,0
STU2566,7.2,88.3,87.5,73.0,1
STU3099,3.7,58.8,50.7,49.4,0
STU1980,8.4,89.2,64.2,71.3,1
STU2424,6.5,90.5,81.3,92.2,1
STU4438,3.1,72.2,51.7,64.5,0
STU4366,1.5,67.2,53.5,45.7,0
STU1912,7.8,90.2,92.6,94.4,1
STU3496,4.0,59.9,40.7,40.0,0
STU1633,7.3,89.2,85.1,82.2,1
STU2750,8.7,79.2,74.2,94.7,1
STU1446,8.3,89.6,75.9,78.7,1
STU1618,8.4,88.5,59.3,100.0,1
STU3104,1.1,56.6,53.9,46.6,0
STU2897,7.2,96.4,69.4,94.3,1
STU3171,2.6,76.2,65.2,40.0,0
STU3595,3.1,64.7,56.7,40.0,0
STU3844,2.9,66.7,43.5,53.8,0
STU3432,3.1,70.2,57.3,43.9,0
STU4390,4.1,59.8,40.0,56.2,0
STU4375,2.3,53.1,44.8,40.0,0
STU2466,8.2,80.0,81.8,79.0,1
STU2673,7.0,81.1,76.9,87.3,1
STU3114,1.8,62.7,49.0,46.1,0
STU1116,7.9,84.9,79.0,77.8,1
STU2495,9.4,91.1,85.4,77.6,1
STU1354,7.3,79.8,68.6,90.1,1
STU2233,7.4,81.6,73.6,86.7,1
STU1614,6.1,88.0,77.9,100.0,1
STU4507,3.1,70.8,52.1,52.2,0
STU4791,4.1,50.0,38.4,59.5,0
STU3345,1.0,66.9,37.6,40.3,0
STU4715,3.7,66.7,42.5,57.3,0
STU3638,2.0,52.5,51.8,47.7,0
STU4759,3.1,65.3,50.7,46.5,0
STU1058,7.1,93.2,85.6,92.2,1
STU4098,1.8,63.5,39.6,56.0,0
STU4991,4.8,57.8,35.0,40.1,0
STU3906,2.4,50.0,35.0,59.1,0
STU4912,4.3,51.5,56.3,47.6,0
STU2254,7.9,94.3,70.1,91.8,1
STU4330,3.9,58.3,48.5,56.3,0
STU3504,2.9,62.6,37.2,55.7,0
STU3334,4.0,60.8,50.4,41.4,0
STU4528,3.7,65.2,50.0,45.8,0
STU4813,3.6,59.7,47.3,45.8,0
STU2903,8.9,98.0,80.8,87.7,1
STU3260,3.5,61.7,50.7,51.0,0
STU2899,8.2,90.6,82.3,75.6,1
STU1561,7.8,81.9,73.4,82.9,1
STU1708,9.6,88.1,78.1,85.2,1
STU2648,8.7,89.3,94.5,99.3,1
STU1425,8.3,78.8,74.8,81.1,1
STU2094,7.6,90.5,95.6,93.3,1
STU2377,6.7,86.3,100.0,88.2,1
STU1648,7.4,79.6,81.7,78.4,1
STU1073,7.5,88.5,69.7,86.3,1
STU3523,2.7,50.0,37.4,52.6,0
STU2887,6.5,74.8,76.1,93.2,1
STU2727,6.9,91.0,64.3,76.0,1
STU2006,8.0,80.0,71.8,90.4,1
STU1621,6.6,92.2,78.4,68.4,1
STU4320,2.0,55.6,38.1,49.6,0
STU1288,8.2,86.5,83.5,89.9,1
STU1554,7.8,90.3,74.3,79.8,1
STU3382,3.5,69.6,64.0,47.9,0
STU2895,7.4,85.6,85.6,71.5,1
STU3145,4.4,63.8,42.2,40.0,0
STU2555,7.2,77.0,81.5,91.0,1
STU4546,3.1,72.4,54.0,47.2,0
STU3258,3.5,59.9,54.4,59.8,0
STU3548,4.5,69.2,46.3,49.9,0
STU1999,6.8,90.0,88.5,85.0,1
STU4178,2.6,69.5,60.9,54.1,0
STU2690,7.2,87.1,80.7,83.6,1
STU4274,4.3,68.3,45.7,57.3,0
STU2398,6.3,96.9,87.9,86.0,1
STU2578,8.9,84.2,83.5,84.8,1
STU2621,7.6,79.8,79.4,79.4,1
STU4654,4.9,75.4,43.2,53.1,0
STU4726,2.9,56.4,50.9,43.2,0
STU4978,2.2,50.7,47.7,50.3,0
STU3322,1.7,66.8,51.6,46.2,0
STU4590,4.1,54.3,46.6,40.0,0
STU1441,8.0,98.5,71.1,71.7,1
STU1509,7.6,79.9,87.3,76.4,1
STU2101,8.7,83.8,90.2,83.5,1
STU1590,6.5,87.6,73.4,86.9,1
STU2961,7.4,83.6,75.5,80.6,1
STU1650,8.3,93.4,80.2,86.4,1
STU2547,6.3,92.1,98.3,85.1,1
STU4640,2.9,66.9,45.9,40.7,0
STU4920,3.3,58.0,61.2,44.8,0
STU3324,5.0,59.8,41.7,47.9,0
STU4856,3.9,50.0,47.1,52.6,0
STU3535,4.6,50.0,39.4,48.2,0
STU2456,5.4,100.0,93.2,77.6,1
STU3246,1.7,57.8,68.6,52.7,0
STU1661,6.8,80.9,93.9,90.8,1
STU1631,5.5,89.8,69.6,74.0,1
STU1673,7.1,89.6,85.8,87.6,1
STU2250,5.6,76.9,85.4,74.7,1
STU2739,8.6,85.8,77.0,86.5,1
STU1483,5.6,100.0,75.2,78.8,1
STU2585,8.0,88.4,91.3,89.6,1
STU2980,8.0,81.7,85.9,73.0,1
STU4409,2.8,59.5,61.4,48.8,0
STU2939,8.8,85.9,92.0,95.5,1
STU2463,7.2,88.9,90.7,76.7,1
STU3765,3.1,74.5,46.5,64.4,0
STU3571,2.4,50.0,36.4,48.2,0
STU3380,3.5,60.8,51.2,56.8,0
STU1857,6.5,83.7,89.0,86.1,1
STU2226,7.3,82.1,73.4,77.2,1
STU2191,7.6,85.5,76.9,86.1,1
STU3766,2.7,69.5,50.0,53.5,0
STU4282,3.3,59.3,45.6,42.3,0
STU1531,8.3,90.8,83.3,89.1,1
STU3658,5.0,54.9,50.2,42.6,0
STU1050,5.4,88.9,85.1,79.0,1
STU4695,2.9,58.0,38.2,47.7,0
STU4683,4.3,77.6,39.4,55.5,0
STU1859,6.8,95.1,83.0,80.7,1
STU3923,2.0,75.5,40.8,49.7,0
STU2073,7.6,89.2,86.9,75.4,1
STU1720,7.4,88.7,82.9,91.0,1
STU1152,7.9,98.0,91.0,78.8,1
STU3167,5.1,74.2,39.5,53.5,0
STU3981,2.9,50.0,35.0,40.4,0
STU2661,9.1,85.8,81.6,94.6,1
STU2657,7.7,88.0,90.1,95.6,1
STU3178,4.9,66.4,38.0,40.0,0
STU3313,3.5,57.5,38.3,47.0,0
STU4082,5.0,75.8,42.0,49.4,0
STU3173,3.5,67.1,35.0,59.7,0
STU3956,4.4,60.8,37.0,52.2,0
STU3858,3.3,51.5,46.8,49.2,0
STU3944,3.6,59.2,55.2,40.0,0
STU4600,2.8,61.0,47.5,40.0,0
STU3729,3.7,50.0,45.4,52.9,0
STU3223,3.8,50.0,52.5,57.4,0
STU2768,7.3,95.8,81.4,72.9,1
STU2784,8.4,81.0,98.8,100.0,1
STU4012,1.8,61.0,37.0,62.4,0
STU2386,7.9,84.6,82.2,87.2,1
STU3514,3.7,50.7,51.7,46.0,0
STU2400,6.7,85.6,84.5,94.6,1
STU2196,8.0,76.7,78.6,87.1,1
STU4766,2.9,67.8,35.9,53.5,0
STU2476,8.3,80.3,95.1,97.1,1
STU3487,3.7,60.1,47.3,50.0,0
STU4496,1.9,61.5,47.1,56.4,0
STU3881,1.0,55.2,47.5,51.3,0
STU1298,7.9,96.4,83.0,77.1,1
STU3078,4.4,53.4,48.5,54.5,0
STU2265,7.7,92.0,91.5,84.0,1
STU4334,4.2,70.8,64.1,40.0,0
STU1959,8.2,94.8,81.6,100.0,1
STU2607,7.6,83.3,71.8,78.7,1
STU3708,3.7,54.8,35.0,60.9,0
STU1909,8.3,85.3,84.1,79.0,1
STU2930,9.9,89.0,85.2,74.6,1
STU2610,7.2,85.5,82.3,84.7,1
STU3928,2.9,58.0,48.0,54.8,0
STU2375,9.3,77.9,85.5,88.3,1
STU2287,5.3,86.0,72.3,92.5,1
STU4987,2.8,62.6,45.9,43.2,0
STU1350,7.2,85.6,77.5,80.0,1
STU2369,7.0,90.4,78.1,76.0,1
STU3131,2.9,64.6,60.7,55.5,0
STU1644,5.7,84.1,93.1,80.3,1
STU3866,4.6,73.8,47.3,49.0,0
STU3043,1.6,59.9,44.2,60.4,0
STU2682,7.5,85.6,79.3,79.4,1
STU1670,8.8,91.8,82.3,89.9,1
STU4623,3.4,60.7,49.8,49.1,0
STU3128,2.2,50.0,51.3,40.0,0
STU4261,1.1,57.6,49.9,44.2,0
STU3769,3.3,68.4,43.1,40.0,0
STU2819,7.2,85.6,72.0,81.9,1
STU2180,6.2,91.1,82.1,79.9,1
STU4368,4.7,75.7,35.0,42.5,0
STU4955,3.5,55.3,40.4,54.1,0
STU3209,2.0,62.1,55.4,43.3,0
STU2851,6.7,84.9,83.9,99.0,1
STU2588,7.1,82.5,60.1,90.7,1
STU4796,4.6,57.6,48.6,48.3,0
STU3255,3.3,62.4,35.0,64.9,0
STU3373,3.5,64.6,49.3,62.9,0
STU2358,8.0,75.2,74.8,83.4,1
STU1787,8.5,83.4,87.8,91.8,1
STU4587,3.6,57.2,40.1,47.5,0
STU1141,7.8,89.0,87.0,81.6,1
STU1789,7.4,85.3,65.3,77.3,1
STU1324,10.0,98.0,73.4,94.1,1
STU3690,3.4,58.0,44.3,45.6,0
STU1715,7.5,90.2,82.7,71.3,1
STU3196,4.3,66.5,49.1,48.2,0
STU4310,4.3,53.0,35.0,46.4,0
STU4688,1.5,50.0,53.7,52.3,0
STU4180,2.7,63.4,46.9,60.4,0
STU4521,4.3,72.5,41.5,50.1,0
STU2908,6.1,79.6,58.8,83.1,1
STU1619,8.1,90.7,81.9,74.9,1
STU1407,6.2,80.2,81.1,84.4,1
STU3207,3.9,74.1,51.7,40.6,0
STU3038,1.7,59.5,35.0,46.9,0
STU4083,3.0,66.3,40.9,50.3,0
STU3853,1.4,60.4,38.7,55.9,0
STU3418,3.3,63.7,46.4,59.1,0
STU1498,7.3,86.3,90.6,93.3,1
STU4915,3.9,53.2,45.7,51.6,0
STU1343,7.8,91.0,97.6,84.0,1
STU3578,2.1,58.2,44.6,52.0,0
STU4921,2.1,67.7,52.2,51.1,0
STU1783,8.0,80.8,68.5,85.4,1
STU4005,3.0,70.7,43.8,44.0,0
STU2324,8.1,89.5,83.7,86.7,1
STU4461,3.6,66.7,41.9,40.0,0
STU4778,3.4,61.4,40.7,49.0,0
STU1304,8.2,89.5,87.6,92.9,1
STU4371,1.5,55.9,43.2,40.0,0
STU3460,4.9,75.4,44.6,44.9,0
STU1665,6.6,90.8,87.7,80.0,1
STU2178,7.4,85.0,67.2,78.2,1
STU2245,6.7,87.0,89.8,89.9,1
STU3437,3.4,50.0,47.5,52.0,0
STU4358,4.0,67.0,39.0,47.2,0
STU4132,5.4,65.2,54.7,40.8,0
STU4565,3.7,70.6,39.5,65.4,0
STU3869,3.2,56.3,49.0,56.8,0
STU1085,6.5,84.7,92.5,84.3,1
STU4451,3.0,57.3,51.6,64.7,0
STU2801,9.8,79.7,84.4,79.2,1
STU1942,8.5,85.2,80.4,91.8,1
STU1962,9.1,84.3,73.8,86.6,1
STU1842,8.3,78.9,82.6,81.0,1
STU3603,6.0,55.2,42.1,52.6,0
STU3686,3.6,55.2,57.7,54.8,0
STU4150,3.7,69.3,41.3,46.7,0
STU1867,7.8,83.0,83.5,92.7,1
STU4719,3.9,55.2,45.0,44.8,0
STU4050,4.2,79.4,41.5,53.2,0
STU1291,7.3,98.4,86.1,83.3,1
STU3012,3.7,68.8,51.3,65.4,0
STU3544,3.2,50.0,42.9,51.7,0
STU3203,2.6,65.9,35.0,40.0,0
STU4413,3.8,65.2,49.5,46.5,0
STU4616,3.6,62.3,46.1,55.2,0
STU1605,8.0,84.3,73.3,84.6,1
STU3698,1.7,79.2,43.9,43.8,0
STU1917,8.2,86.9,90.5,77.4,1
STU4155,2.9,53.7,35.0,41.2,0
STU3443,2.9,61.3,40.0,59.0,0
STU2100,7.9,91.5,82.5,75.2,1
STU2089,7.2,76.3,82.7,85.4,1
STU4884,3.7,62.6,60.8,58.7,0
STU4152,3.5,58.7,47.0,49.2,0
STU2625,9.7,99.4,95.7,100.0,1
STU3515,2.7,63.3,43.7,48.7,0
STU1822,9.2,93.1,80.5,97.8,1
STU3168,4.0,62.9,44.3,54.2,0
STU3479,5.6,77.2,49.3,44.4,0
STU4775,2.9,72.4,43.7,60.5,0
STU4224,1.5,50.0,43.7,40.9,0
STU4689,3.2,59.6,39.6,52.6,0
STU2303,7.3,89.3,88.9,81.8,1
STU2001,9.2,76.6,78.6,90.5,1
STU4286,1.0,56.2,45.6,40.0,0
STU4561,2.9,63.4,45.4,40.0,0
STU2506,7.0,79.8,88.7,69.3,1
STU2478,8.0,75.4,81.8,86.4,1
STU1019,6.4,91.8,77.9,84.0,1
STU2638,8.0,90.2,73.9,82.5,1
STU2668,6.9,91.5,87.7,81.6,1
STU1494,6.5,96.7,78.3,89.6,1
STU2126,6.1,92.4,76.5,71.5,1
STU2405,8.7,90.6,75.2,79.6,1
STU4094,4.6,63.3,35.9,51.6,0
STU4864,2.0,75.1,45.9,40.0,0
STU3722,3.4,50.0,43.3,57.9,0
STU3448,5.6,53.6,35.5,43.0,0
STU3424,2.2,61.9,51.9,47.2,0
STU3270,4.1,66.0,38.8,43.3,0
STU3133,3.5,55.2,36.7,60.9,0
STU1585,7.7,94.6,80.5,96.2,1
STU3624,4.5,72.8,44.6,43.5,0
STU1688,7.1,78.8,74.4,78.5,1
STU4333,2.6,66.1,48.9,62.1,0
STU3285,2.1,63.0,43.9,47.0,0
STU4134,3.5,71.3,45.0,50.3,0
STU2609,7.9,79.9,89.2,82.4,1
STU3673,3.1,55.0,42.5,54.0,0
STU3233,1.0,54.8,38.1,40.0,0
STU2010,6.9,85.2,80.9,95.1,1
STU4200,2.7,61.7,49.7,59.9,0
STU3308,5.3,65.1,53.3,47.8,0
STU1361,8.1,81.8,84.5,91.3,1
STU4397,3.9,62.9,47.3,63.2,0
STU4648,3.2,61.5,35.0,46.1,0
STU3925,2.0,62.3,48.6,49.7,0
STU2678,9.3,87.1,92.8,59.8,1
STU2311,7.5,80.9,79.8,81.8,1
STU2171,8.4,82.3,84.5,81.6,1
STU2955,6.8,84.5,86.2,94.5,1
STU1801,8.6,89.1,86.1,78.4,1
STU3401,3.5,61.5,51.1,49.6,0
STU1345,6.9,75.1,76.8,85.2,1
STU3695,3.2,67.5,39.5,54.5,0
STU1987,9.3,87.3,80.2,75.2,1
STU3526,2.0,61.3,50.2,60.7,0
STU1744,7.5,91.3,85.3,74.6,1
STU3947,3.0,56.8,51.6,50.7,0
STU2672,7.1,93.2,82.4,70.9,1
STU3447,3.9,68.2,38.7,49.6,0
STU3023,1.2,72.9,49.4,42.9,0
STU1114,10.0,82.0,69.8,78.9,1
STU2438,9.4,80.3,91.5,84.6,1
STU3972,4.8,60.5,51.7,47.9,0
STU2242,7.3,100.0,75.3,81.9,1
STU2143,7.3,87.4,90.3,85.2,1
STU3410,3.2,63.5,35.0,59.1,0
STU2217,6.7,78.1,84.3,80.9,1
STU2826,8.0,95.0,68.6,93.2,1
STU2199,7.8,85.8,75.2,97.4,1
STU1086,6.9,80.7,80.2,82.7,1
STU2519,6.3,95.7,72.1,68.3,1
STU4834,2.8,50.0,53.2,40.6,0
STU2382,6.9,95.1,77.0,87.8,1
STU2376,7.2,81.9,87.9,98.8,1
STU1669,4.3,91.3,75.2,87.7,1
STU3656,1.9,73.6,57.9,66.9,0
STU2015,9.6,84.5,82.6,82.8,1
STU1129,7.6,92.3,76.1,79.3,1
STU2365,8.9,83.7,80.5,92.3,1
STU4145,2.7,71.5,40.2,45.8,0
STU3371,2.8,55.8,47.4,44.2,0
STU1892,8.1,75.2,72.2,100.0,1
STU4499,3.3,60.1,46.0,58.8,0
STU2360,7.7,82.1,79.8,98.6,1
STU1308,6.8,86.9,87.9,91.0,1
STU3969,3.8,66.9,47.1,52.5,0
STU4716,3.1,50.0,35.0,43.4,0
STU1384,6.9,87.7,83.6,84.1,1
STU1151,7.8,86.9,81.5,98.2,1
STU3175,2.7,56.7,35.0,40.0,0
STU2318,7.1,82.1,80.2,93.7,1
STU2452,9.5,80.5,82.9,88.3,1
STU4865,3.3,60.6,50.4,48.3,0
STU4665,2.5,62.8,48.7,56.0,0
STU1427,6.3,91.4,84.8,79.3,1
STU1495,9.3,80.5,88.9,77.8,1
STU2208,6.7,93.0,78.0,95.4,1
STU4634,2.4,64.9,44.8,49.7,0
STU3472,4.9,62.7,36.6,47.1,0
STU2209,5.8,93.4,73.8,76.1,1
STU2821,7.3,85.6,82.3,89.2,1
STU4034,1.9,69.9,54.9,64.0,0
STU4218,3.5,61.0,54.8,46.1,0
STU4672,3.6,62.1,45.6,51.9,0
STU3715,4.4,60.0,46.3,45.0,0
STU2967,7.3,89.9,88.8,92.2,1
STU2240,9.5,93.6,88.7,78.0,1
STU3776,1.7,63.7,47.6,46.8,0
STU3180,2.9,70.9,48.1,46.1,0
STU1276,8.1,81.5,81.2,85.6,1
STU1490,8.6,76.5,82.0,94.2,1
STU4154,3.8,50.0,55.5,55.9,0
STU2230,10.0,87.8,89.7,89.6,1
STU1691,7.1,81.9,81.3,88.3,1
STU4304,1.3,50.0,51.6,47.8,0
STU3652,3.8,63.9,35.0,40.8,0
STU3820,3.5,75.6,55.1,52.6,0
STU3529,4.3,71.0,51.0,60.7,0
STU2781,5.8,87.1,72.1,82.3,1
STU4663,2.8,74.4,57.5,51.7,0
STU3756,4.6,62.0,41.8,55.0,0
STU2059,8.2,80.8,80.9,98.7,1
STU1119,8.9,72.6,78.4,88.9,1
STU2025,9.6,76.8,100.0,93.0,1
STU4017,1.3,60.6,35.0,44.5,0
STU1282,8.3,83.9,69.9,86.3,1
STU3343,6.0,56.8,39.2,53.9,0
STU2317,6.2,87.7,69.9,78.5,1
STU4092,2.8,64.6,46.2,45.4,0
STU1969,7.5,77.1,79.6,84.6,1
STU2666,7.5,80.5,70.5,89.5,1
STU4986,2.8,67.8,39.8,57.0,0
STU2906,8.0,86.1,78.9,84.5,1
STU3565,1.0,80.4,36.2,40.8,0
STU4938,4.1,57.4,38.7,53.2,0
STU3310,2.9,67.7,60.2,50.1,0
STU1620,7.8,96.7,81.2,83.4,1
STU3119,2.9,56.0,38.9,43.7,0
STU2743,7.6,89.9,82.2,80.6,1
STU4272,4.6,58.0,43.5,50.3,0
STU1156,6.6,84.3,80.3,88.1,1
STU2848,6.5,85.2,74.0,85.5,1
STU4899,5.0,50.0,45.2,43.4,0
STU2656,7.1,90.2,75.6,82.7,1
STU3461,2.4,51.9,35.0,40.9,0
STU1305,7.5,100.0,71.5,71.4,1
STU3583,1.4,58.1,44.2,52.0,0
STU4389,4.3,66.8,52.4,50.8,0
STU4014,3.4,55.8,60.4,59.2,0
STU2957,4.9,87.4,81.0,84.7,1
STU4996,4.6,52.6,49.9,53.8,0
STU3965,3.9,64.3,35.0,50.8,0
STU2308,7.5,90.2,75.2,95.1,1
STU3423,2.5,62.1,35.2,47.9,0
STU1576,4.8,81.3,80.2,93.1,1
STU3597,2.7,66.0,45.2,51.3,0
STU4956,4.0,58.1,47.0,55.0,0
STU4489,2.7,57.0,47.1,52.1,0
STU2707,8.3,84.9,89.8,96.0,1
STU4501,2.9,66.4,48.4,49.3,0
STU2300,7.9,94.8,84.2,92.9,1
STU1133,6.2,92.0,90.6,98.1,1
STU3954,2.6,64.5,35.2,44.0,0
STU4193,3.9,59.8,40.9,50.9,0
STU1862,5.7,90.9,75.4,97.9,1
STU1844,8.0,81.0,80.9,79.0,1
STU2802,7.4,78.4,80.1,80.2,1
STU2629,7.6,78.7,75.5,73.8,1
STU2994,8.3,92.5,86.2,91.4,1
STU3589,2.4,65.2,35.0,42.4,0
STU1270,7.7,87.5,89.4,88.5,1
STU1630,8.8,85.1,85.4,88.1,1
STU2731,7.2,93.1,80.8,95.8,1
STU2034,8.3,82.1,86.3,78.1,1
STU3315,4.2,56.8,41.9,56.5,0
STU1287,7.3,92.7,78.3,77.7,1
STU2327,6.4,88.0,77.9,93.2,1
STU3930,3.3,60.3,35.0,50.7,0
STU1301,6.5,94.3,78.6,83.4,1
STU4166,3.1,63.5,38.5,43.9,0
STU3888,3.1,55.2,45.1,41.1,0
STU4589,1.0,59.5,39.4,41.3,0
STU2448,8.2,83.2,96.1,81.6,1
STU2473,7.3,88.3,79.0,76.3,1
STU3818,3.3,63.6,49.4,43.9,0
STU3770,4.1,78.1,45.9,43.5,0
STU2187,6.3,80.8,79.0,70.5,1
STU1066,9.1,84.5,76.9,83.1,1
STU3941,4.8,53.1,45.7,47.8,0
STU2881,8.7,89.8,62.8,75.8,1
STU1891,8.5,88.8,75.4,92.1,1
STU4076,4.9,63.6,39.9,43.9,0
STU4467,4.8,59.4,49.6,57.0,0
STU2767,10.0,82.1,87.0,100.0,1
STU3511,3.2,54.3,38.8,43.7,0
STU3105,1.9,55.1,48.7,44.1,0
STU3009,2.9,55.2,42.1,43.5,0
STU1231,6.6,83.9,69.4,87.0,1
STU1504,8.2,84.3,85.3,75.4,1
STU3096,6.1,74.8,46.8,45.0,0
STU3749,1.0,50.0,46.2,50.9,0
STU1381,6.5,82.2,83.3,99.4,1
STU4036,3.6,54.1,51.8,59.8,0
STU2526,8.8,81.0,77.1,79.5,1
STU4044,1.2,70.6,37.2,43.2,0
STU3116,3.0,63.0,50.8,53.1,0
STU2005,8.3,91.3,87.9,90.0,1
STU2958,10.0,86.6,86.8,100.0,1
STU1837,9.4,99.4,78.3,91.5,1
STU3378,2.2,68.3,35.0,65.6,0
STU1375,10.0,94.7,90.0,83.8,1
STU3751,4.2,64.6,35.0,59.3,0
STU3799,4.6,62.3,35.0,40.0,0
STU3937,2.1,67.5,52.7,51.6,0
STU1940,6.8,85.6,70.8,75.9,1
STU2322,8.1,82.6,72.4,84.2,1
STU4556,5.4,66.1,41.7,41.5,0
STU4400,3.9,60.3,54.4,44.3,0
STU3506,2.9,68.1,54.4,47.4,0
STU1530,6.4,81.2,77.6,79.4,1
STU4047,4.6,73.6,54.6,46.0,0
STU1637,8.5,89.1,86.2,87.7,1
STU2270,9.0,91.9,87.8,79.2,1
STU1186,8.4,97.2,84.9,79.8,1
STU3507,4.4,58.9,45.0,51.4,0
STU3625,4.3,71.6,35.0,40.0,0
STU3267,4.1,58.6,40.2,54.4,0
STU2798,6.5,89.3,79.9,82.8,1
STU2442,8.9,84.3,76.9,100.0,1
STU2536,5.6,97.6,100.0,77.5,1
STU2274,7.1,92.3,87.6,83.4,1
STU1608,6.0,74.8,85.9,86.3,1
STU2713,4.9,89.7,88.9,83.3,1
STU4971,2.2,64.1,43.0,66.5,0
STU3549,2.7,58.9,42.5,54.5,0
STU4251,2.3,72.3,40.8,52.9,0
STU4631,5.4,74.0,39.0,59.1,0
STU4348,4.0,72.8,40.3,57.4,0
STU2978,8.6,96.7,87.0,90.1,1
STU1159,6.1,95.7,76.8,85.6,1
STU2749,7.7,96.6,81.9,90.1,1
STU3321,1.0,64.0,50.0,41.0,0
STU1903,7.5,84.6,73.8,88.0,1
STU1353,8.5,92.1,80.0,75.5,1
STU2231,6.8,85.5,96.5,77.7,1
STU4480,4.3,52.2,46.6,40.0,0
STU1445,5.9,85.0,66.5,90.5,1
STU4916,3.5,64.1,41.8,54.1,0
STU1755,6.4,87.6,77.7,71.4,1
STU2738,6.2,87.0,93.3,88.6,1
STU4960,3.7,70.5,45.3,44.6,0
STU1312,8.8,98.8,68.0,93.5,1
STU1549,7.9,94.1,85.3,87.7,1
STU3647,1.0,77.7,54.6,58.2,0
STU3885,5.1,68.9,46.1,54.8,0
STU1307,9.0,91.6,77.0,79.3,1
STU1695,8.2,90.0,80.5,88.6,1
STU2928,7.2,90.8,83.3,86.0,1
STU4071,4.2,56.4,47.3,40.0,0
STU1750,5.8,86.8,82.8,83.7,1
STU2267,7.4,82.7,90.7,91.1,1
STU3154,1.5,50.7,36.0,46.1,0
STU3518,4.6,72.2,61.9,46.3,0
STU1971,7.7,76.5,94.2,77.5,1
STU1014,5.2,82.4,83.6,92.7,1
STU1874,6.6,84.5,83.9,81.8,1
STU1809,9.0,93.5,93.4,82.4,1
STU1515,6.8,87.2,80.6,86.0,1
STU4194,3.6,57.1,35.0,56.4,0
STU1410,8.1,81.1,89.0,86.3,1
STU3381,3.3,80.8,44.4,49.2,0
STU4265,2.2,64.5,54.3,52.5,0
STU1208,8.1,90.1,59.2,85.9,1
STU3111,2.1,56.4,48.9,43.7,0
STU1459,6.8,91.0,69.6,80.1,1
STU4581,4.8,61.0,45.4,49.6,0
STU3407,5.5,63.0,51.9,53.0,0
STU3900,3.9,59.0,51.3,43.0,0
STU3459,2.2,58.6,35.0,53.6,0
STU3642,2.4,57.2,43.4,51.8,0
STU2884,6.8,82.7,70.0,84.6,1
STU2714,8.5,75.2,85.2,87.3,1
STU3590,3.0,59.0,49.0,51.3,0
STU3230,4.0,55.4,39.2,54.9,0
STU1553,8.9,99.2,89.0,87.8,1
STU4709,1.7,71.0,35.6,40.2,0
STU4638,4.8,60.0,35.0,47.0,0
STU2926,6.4,86.0,75.1,89.2,1
STU1635,6.3,98.2,76.6,79.7,1
STU4676,4.8,55.6,51.9,45.7,0
STU1317,8.3,93.0,73.0,100.0,1
STU4506,4.3,63.0,55.8,49.5,0
STU4524,5.6,54.7,42.0,41.1,0
STU2329,6.0,81.4,85.8,75.4,1
STU1428,8.3,87.6,75.2,95.5,1
STU4209,3.5,65.9,46.1,71.6,0
STU1106,8.0,97.9,83.9,92.4,1
STU1143,5.6,89.0,85.1,84.9,1
STU3185,3.3,57.0,49.1,52.5,0
STU4269,5.2,70.8,43.4,58.0,0
STU3237,4.2,71.3,63.4,52.8,0
STU2950,7.4,80.3,70.0,85.1,1
STU4551,3.6,72.0,51.3,40.0,0
STU4725,2.4,73.5,39.4,51.3,0
STU3758,3.5,61.0,38.4,43.5,0
STU4930,3.8,55.3,44.6,45.1,0
STU2952,9.0,83.0,82.2,91.8,1
STU3680,1.4,68.4,46.6,41.6,0
STU3918,2.6,57.8,42.9,64.9,0
STU3286,4.2,64.5,49.9,40.0,0
STU2110,9.8,76.8,82.6,87.5,1
STU3356,4.3,82.6,49.5,64.9,0
STU1592,6.9,85.3,83.6,76.8,1
STU4711,2.0,78.0,40.0,62.7,0
STU2577,5.6,83.0,76.7,69.9,1
STU3588,1.0,64.6,47.2,46.2,0
STU1214,8.3,85.3,67.1,75.9,1
STU1779,7.4,87.6,73.2,90.8,1
STU4032,2.9,66.6,40.4,40.0,0
STU3466,2.8,56.3,42.7,42.4,0
STU3044,4.2,63.0,51.5,43.8,0
STU4288,3.6,51.1,47.1,64.3,0
STU3299,3.0,70.7,38.8,63.5,0
STU3502,2.7,72.7,36.9,50.1,0
STU2568,8.1,94.4,87.5,76.4,1
STU4024,4.2,69.4,63.8,40.9,0
STU4544,2.6,69.3,53.9,43.7,0
STU3354,4.0,55.1,43.4,54.9,0
STU4609,1.6,51.7,41.3,50.2,0
STU2344,8.9,95.4,77.5,78.6,1
STU3014,3.1,58.3,51.8,41.6,0
STU1274,7.5,88.2,73.4,77.4,1
STU1072,9.3,95.4,76.4,74.4,1
STU2088,7.8,95.3,86.0,71.8,1
STU1395,8.9,87.5,88.7,78.7,1
STU1584,10.0,95.3,88.3,74.2,1
STU4867,3.6,61.5,50.7,51.7,0
STU3718,3.4,68.0,35.0,47.7,0
STU4826,1.5,68.6,55.5,40.0,0
STU4649,3.5,63.7,35.0,40.0,0
STU3612,3.8,71.0,58.4,51.0,0
STU3319,2.3,71.1,54.3,54.6,0
STU2764,5.6,92.9,70.8,89.3,1
STU4011,3.6,63.7,53.6,47.4,0
STU2260,7.4,96.6,98.2,100.0,1
STU1527,5.5,90.5,70.9,82.6,1
STU1378,7.7,80.0,98.3,85.5,1
STU2560,7.2,80.2,88.2,83.5,1
STU3508,2.3,50.0,41.5,45.3,0
STU2964,8.3,92.6,71.0,90.1,1
STU4569,5.6,66.6,40.2,40.0,0
STU1349,6.6,92.2,74.5,76.8,1
STU4140,4.1,60.5,43.8,60.4,0
STU2710,6.3,88.2,97.2,78.9,1
STU2051,6.7,79.8,87.8,91.8,1
STU1591,7.6,95.4,77.1,83.5,1
STU1520,8.4,82.9,74.8,87.4,1
STU4673,2.1,51.4,64.8,42.9,0
STU3700,1.9,50.0,40.8,40.0,0
STU2084,10.0,81.3,73.4,80.4,1
STU3357,3.1,66.0,41.0,50.3,0
STU4997,1.0,61.4,48.3,59.5,0
STU2810,8.6,92.9,80.2,71.5,1
STU4878,1.7,59.6,45.2,49.1,0
STU1793,7.8,85.5,81.1,91.2,1
STU4808,4.3,63.7,37.6,45.1,0
STU2981,6.3,96.2,74.0,78.5,1
STU3556,3.4,50.0,35.0,40.0,0
STU3222,4.3,60.4,43.6,57.4,0
STU2531,7.7,97.0,92.3,93.8,1
STU2411,9.1,84.0,77.8,92.4,1
STU3916,3.7,61.9,47.8,40.1,0
STU4164,4.4,80.9,50.1,66.7,0
STU1084,6.9,74.2,66.7,85.9,1
STU4137,3.0,54.3,41.7,45.7,0
STU1021,9.3,88.4,99.4,86.7,1
STU3245,2.4,75.0,57.5,55.5,0
STU2563,4.6,74.9,77.0,91.8,1
STU1974,6.7,99.9,65.3,93.1,1
STU2711,8.8,79.4,82.7,87.3,1
STU3600,3.6,64.9,48.5,53.6,0
STU2099,8.6,87.2,75.9,78.9,1
STU3741,2.4,69.8,35.0,54.3,0
STU1887,8.2,84.8,75.8,74.7,1
STU3417,3.1,72.2,40.7,40.0,0
STU4086,2.8,61.7,41.6,50.1,0
STU4363,3.2,55.1,38.4,45.5,0
STU1738,8.7,90.1,82.3,87.3,1
STU2454,10.0,84.6,73.1,92.2,1
STU3973,2.5,76.6,43.2,60.4,0
STU4526,2.3,64.7,50.7,58.8,0
STU3127,4.2,65.8,43.9,51.2,0
STU1907,5.9,85.5,78.0,76.9,1
STU3400,3.2,50.0,41.0,52.0,0
STU3933,3.2,52.7,52.5,49.3,0
STU1948,6.7,70.1,71.3,91.3,1
STU3499,1.2,72.0,43.5,54.7,0
STU3893,2.2,61.8,35.0,54.6,0
STU1716,8.8,75.4,81.7,88.2,1
STU3650,2.0,50.0,56.1,49.8,0
STU1687,7.2,90.8,75.6,81.4,1
STU4411,3.2,56.9,39.0,49.9,0
STU3942,5.2,53.6,48.1,50.9,0
STU4966,3.8,62.4,43.6,59.7,0
STU1886,9.7,85.0,78.2,79.3,1
STU1918,7.7,92.0,79.0,100.0,1
STU3463,3.7,56.5,37.3,51.1,0
STU4660,3.3,58.4,46.6,44.1,0
STU2266,5.8,99.6,75.5,80.4,1
STU1484,7.7,83.4,86.4,82.7,1
STU3991,5.0,61.2,43.1,60.8,0
STU4455,4.1,81.5,38.2,56.8,0
STU1278,6.8,81.1,74.3,83.7,1
STU1989,7.2,81.2,83.5,84.8,1
STU3085,1.6,66.8,38.6,45.3,0
STU2246,6.0,92.6,81.9,80.6,1
STU1572,9.5,79.3,79.6,75.8,1
STU2436,7.8,93.3,77.1,87.1,1
STU1994,6.7,86.7,86.5,92.5,1
STU4296,2.1,52.2,53.6,50.8,0
STU3261,2.6,62.3,35.0,44.4,0
STU1586,7.8,84.2,91.5,85.7,1
STU2350,7.2,87.2,82.3,94.9,1
STU2008,8.3,78.7,85.9,94.5,1
STU1675,5.8,81.9,88.6,91.6,1
STU1448,6.4,86.6,82.8,81.8,1
STU4889,3.5,60.6,40.3,58.9,0
STU3995,3.2,51.5,54.9,47.6,0
STU3065,2.2,51.1,50.4,49.6,0
STU4161,2.6,72.6,44.3,43.3,0
STU3501,6.0,74.3,49.1,59.4,0
STU2691,8.2,91.2,82.5,87.9,1
STU4298,2.4,58.2,53.5,50.8,0
STU2248,6.6,83.6,69.5,85.1,1
STU2986,8.1,75.5,77.4,79.1,1
STU1295,7.9,83.0,91.7,76.7,1
STU2548,7.9,96.8,85.8,78.1,1
STU3013,3.1,51.5,39.8,40.1,0
STU1589,8.5,83.2,78.3,78.8,1
STU3130,3.5,52.8,40.8,40.0,0
STU4062,3.2,57.0,62.4,50.3,0
STU1426,9.1,91.1,72.9,88.6,1
STU2055,6.8,98.4,72.3,86.0,1
STU4321,2.7,65.0,39.0,55.1,0
STU1557,6.9,72.2,74.0,84.2,1
STU4533,1.5,57.0,58.7,54.8,0
STU3576,3.6,65.5,36.1,51.5,0
STU4542,2.6,70.9,48.2,40.0,0
STU4539,1.8,67.0,37.0,49.6,0
STU3697,5.8,73.0,56.4,52.2,0
STU2194,7.9,84.3,77.3,91.9,1
STU2717,7.9,100.0,85.6,80.0,1
STU4157,3.5,58.8,35.0,47.3,0
STU4605,4.1,57.6,52.3,44.1,0
STU4923,1.3,63.1,44.8,61.1,0
STU3458,3.2,83.1,42.5,57.9,0
STU2286,5.9,97.0,85.3,77.6,1
STU4464,3.5,50.0,36.1,54.7,0
STU3581,3.4,53.3,47.8,49.5,0
STU4189,3.1,68.6,51.9,52.1,0
STU3088,2.9,50.9,49.2,40.0,0
STU2890,7.5,93.1,79.2,83.1,1
STU2592,4.0,91.6,80.0,89.3,1
STU4525,2.2,55.4,39.2,46.9,0
STU3163,4.1,64.3,46.9,50.9,0
STU4188,3.6,66.4,54.4,55.6,0
STU3272,4.4,58.9,46.4,57.6,0
STU4217,4.5,70.8,48.6,42.9,0
STU2138,6.0,81.9,87.8,80.7,1
STU4336,3.0,54.2,55.1,40.8,0
STU4761,1.6,62.5,60.2,55.9,0
STU4781,2.7,61.4,63.5,46.4,0
STU2712,7.4,80.1,73.7,75.7,1
STU4619,4.3,63.7,35.0,70.2,0
STU1454,8.1,83.7,84.4,80.7,1
STU1914,9.4,92.5,83.3,93.1,1
STU3670,4.1,57.2,35.0,42.8,0
STU2200,9.1,90.6,89.4,74.6,1
STU2275,9.0,82.5,78.7,95.1,1
STU1038,5.1,84.9,80.2,73.1,1
STU1975,7.0,93.5,70.2,94.4,1
STU1984,7.4,89.7,80.8,80.3,1
STU3663,4.1,69.6,37.8,47.7,0
STU2419,9.3,80.2,77.4,84.9,1
STU2561,7.5,89.4,73.6,74.3,1
STU1040,7.7,77.4,76.5,90.7,1
STU2487,5.8,97.2,83.1,93.6,1
STU3543,2.4,62.6,42.4,50.3,0
STU1170,6.6,90.8,76.3,88.1,1
STU2356,4.4,87.0,89.2,91.0,1
STU3388,3.6,58.7,35.0,45.3,0
STU4594,4.5,72.4,54.9,60.4,0
STU3615,3.2,63.5,45.6,41.7,0
STU3754,2.8,53.0,46.8,40.0,0
STU2641,7.5,85.0,88.3,70.5,1
STU2291,8.0,96.5,94.6,64.3,1
STU2381,8.3,100.0,77.3,91.5,1
STU2934,7.4,92.6,63.5,94.5,1
STU1580,8.9,98.6,88.7,72.4,1
STU3031,2.7,68.6,48.5,58.9,0
STU1893,8.8,92.6,77.4,76.3,1
STU1781,7.7,93.2,84.2,93.4,1
STU1160,8.3,91.3,82.7,74.0,1
STU1003,8.3,83.2,82.1,78.4,1
STU4214,3.8,66.6,35.0,57.5,0
STU4291,2.5,67.9,58.7,44.2,0
STU1850,6.9,84.8,85.8,78.0,1
STU3402,4.5,61.4,50.5,40.0,0
STU2597,8.2,82.2,85.3,74.0,1
STU2777,6.8,77.0,85.6,92.3,1
STU2914,8.1,82.9,85.2,88.8,1
STU2044,7.5,89.3,75.5,74.3,1
STU2545,6.8,96.3,79.1,92.4,1
STU4718,2.0,56.1,51.6,43.0,0
STU1054,8.2,86.2,83.6,91.0,1
STU4853,4.0,71.9,56.9,41.1,0
STU2912,10.0,89.3,81.3,89.0,1
STU3823,3.5,50.0,46.5,56.6,0
STU3674,4.5,54.6,43.6,43.3,0
STU4490,3.5,71.7,40.2,50.9,0
STU1825,7.0,87.7,81.5,90.2,1
STU4574,1.0,62.2,37.4,55.3,0
STU2390,6.6,88.8,64.6,90.8,1
STU4270,2.7,71.9,45.3,42.7,0
STU4115,3.2,61.1,66.4,42.5,0
STU2608,9.4,94.5,79.0,80.5,1
STU2595,4.7,95.6,91.0,95.1,1
STU1772,6.8,83.5,74.2,85.2,1
STU3274,2.8,69.5,35.5,40.0,0
STU2869,6.2,88.8,76.8,76.9,1
STU2086,8.0,89.9,100.0,70.3,1
STU3712,2.7,78.9,52.0,45.5,0
STU2326,5.1,90.9,81.9,90.0,1
STU2464,6.5,94.1,76.0,76.9,1
STU1807,7.8,87.5,76.1,78.6,1
STU3452,3.7,55.7,56.3,51.2,0
STU3476,2.6,52.6,56.0,53.9,0
STU3109,4.4,61.4,45.9,59.1,0
STU3827,2.0,59.0,46.3,53.6,0
STU4929,4.0,57.1,55.6,48.8,0
STU3235,4.4,50.1,43.7,54.4,0
STU1964,8.4,81.7,84.5,82.6,1
STU1399,7.4,89.2,90.6,91.2,1
STU4747,3.1,65.4,35.0,61.9,0
STU1705,5.6,89.5,86.6,83.3,1
STU1432,5.1,81.9,64.2,66.7,1
STU1293,6.8,88.5,70.1,88.5,1
STU4776,4.9,56.7,39.9,40.2,0
STU1146,8.4,96.9,61.0,83.5,1
STU3721,2.9,60.5,35.0,57.0,0
STU3034,4.1,57.7,44.4,40.0,0
STU4798,3.6,55.9,51.0,51.9,0
STU2166,10.0,77.5,89.8,84.2,1
STU3051,2.0,50.0,53.6,52.3,0
STU4512,2.1,62.8,41.2,63.5,0
STU1340,6.8,84.0,79.5,84.7,1
STU3415,2.6,62.0,57.1,46.4,0
STU1266,6.0,95.2,85.9,86.0,1
STU4104,4.7,63.9,35.0,40.0,0
STU2772,9.5,85.0,80.7,83.6,1
STU1272,5.8,85.1,77.8,90.2,1
STU1697,7.9,94.5,86.1,92.0,1
STU4964,2.9,54.1,45.6,51.2,0
STU1245,6.1,97.7,82.2,80.8,1
STU4753,2.0,54.6,41.6,54.1,0
STU1477,8.2,86.6,78.3,92.3,1
STU3033,4.8,66.0,44.0,58.7,0
STU4392,4.9,65.3,46.3,55.2,0
STU4075,5.5,56.8,45.1,52.4,0
STU1814,7.7,86.1,75.6,70.3,1
STU2915,5.3,79.0,80.1,82.6,1
STU4367,2.8,58.4,42.2,64.5,0
STU4935,3.3,59.0,46.7,55.3,0
STU2805,5.3,82.6,91.4,83.9,1
STU3873,1.3,67.5,46.9,50.7,0
STU1251,6.0,87.2,90.6,81.0,1
STU1546,6.5,90.6,86.7,82.4,1
STU1739,9.5,97.3,71.1,100.0,1
STU1311,7.2,86.1,82.4,83.7,1
STU2132,8.0,87.8,88.8,83.7,1
STU2450,7.5,85.5,70.7,83.2,1
STU4873,2.8,65.3,56.7,46.5,0
STU1016,6.8,86.8,77.4,79.0,1
STU4502,4.7,65.4,46.9,58.7,0
STU3790,2.4,58.4,52.8,50.2,0
STU4205,2.0,72.9,51.0,53.0,0
STU1364,8.0,94.7,91.6,89.8,1
STU1183,6.2,86.9,75.2,72.9,1
STU2195,5.6,78.8,67.2,90.2,1
STU3471,3.1,66.2,56.8,57.7,0
STU2122,8.9,84.3,78.5,79.1,1
STU4875,3.6,59.1,46.0,57.7,0
STU2183,8.6,81.4,80.4,90.1,1
STU4656,4.6,56.5,42.5,50.4,0
STU1615,10.0,91.6,82.4,90.4,1
STU2467,9.5,85.5,84.3,82.7,1
STU1402,6.8,89.1,90.6,79.3,1
STU1935,8.0,93.3,78.3,91.2,1
STU3420,2.6,62.1,43.6,40.0,0
STU3630,2.4,76.5,35.0,62.3,0
STU3781,2.4,52.0,54.1,58.4,0
STU1727,7.5,94.1,83.7,79.3,1
STU1827,9.4,95.5,82.7,74.5,1
STU2522,8.2,73.0,76.7,73.9,1
STU1137,6.6,88.6,81.6,92.6,1
STU1629,7.6,85.3,90.8,80.9,1
STU1335,8.7,93.3,85.8,84.2,1
STU1391,6.4,76.9,86.1,71.4,1
STU4391,3.1,51.0,48.0,44.9,0
STU2818,6.6,87.3,83.4,78.7,1
STU4593,4.6,80.7,35.0,44.7,0
STU1711,7.8,83.1,77.1,92.5,1
STU2040,8.8,86.8,85.1,79.5,1
STU3606,4.5,50.0,47.9,66.8,0
STU4449,2.8,69.7,46.1,57.5,0
STU2562,6.6,83.5,81.8,77.1,1
STU4669,2.2,61.2,45.3,59.6,0
STU4345,3.2,62.9,46.1,46.4,0
STU2113,8.5,86.2,81.7,94.2,1
STU2224,8.0,92.2,74.6,100.0,1
STU3654,3.0,50.0,48.1,40.0,0
STU3422,4.2,65.2,35.0,42.8,0
STU2509,7.6,91.0,80.2,79.4,1
STU2751,4.3,84.5,81.6,85.2,1
STU4577,1.4,57.7,58.4,50.6,0
STU1339,8.0,88.0,65.5,86.0,1
STU1216,8.4,89.6,86.5,73.5,1
STU2342,7.5,86.5,85.4,87.9,1
STU4339,3.2,89.0,38.8,47.1,0
STU4739,4.2,52.2,44.3,50.5,0
STU3575,3.0,53.1,51.1,46.1,0
STU4385,2.4,60.4,35.0,57.1,0
STU3687,2.0,50.0,35.0,46.3,0
STU3323,5.2,70.3,35.0,64.1,0
STU1102,7.0,82.6,75.8,86.6,1
STU3845,3.7,59.0,62.3,51.6,0
STU1172,6.5,87.5,80.7,85.9,1
STU1108,7.7,91.8,92.9,79.0,1
STU3788,2.9,61.4,35.0,46.7,0
STU4981,2.7,51.4,55.5,40.0,0
STU3917,5.1,61.7,45.8,58.0,0
STU3657,2.8,73.5,55.8,51.7,0
STU3532,1.6,57.8,40.5,50.1,0
STU3699,3.1,66.2,35.0,58.8,0
STU3664,5.0,50.0,42.3,43.0,0
STU3986,5.0,63.6,35.0,50.1,0
STU4099,3.3,66.5,45.8,55.5,0
STU4424,3.3,59.3,42.8,43.5,0
STU2041,9.5,91.7,86.0,90.4,1
STU4832,2.3,57.1,47.2,61.5,0
STU3121,4.5,82.0,52.6,40.0,0
STU2525,7.1,84.5,75.1,84.5,1
STU4404,3.0,53.4,38.8,64.8,0
STU3249,6.9,68.4,48.6,53.9,0
STU1482,6.4,98.3,84.3,70.8,1
STU3824,2.5,65.0,50.1,53.9,0
STU4264,2.4,51.1,46.3,42.6,0
STU2763,7.6,83.1,74.1,77.8,1
STU4246,2.4,61.4,38.6,41.2,0
STU4376,2.1,50.0,48.3,52.9,0
STU3936,3.1,53.4,35.0,45.9,0
STU3938,5.7,58.8,50.8,50.0,0
STU1406,8.2,96.0,88.8,94.4,1
STU1758,7.7,83.5,92.2,88.4,1
STU3601,2.8,71.5,55.0,60.6,0
STU1098,7.8,81.6,77.3,85.6,1
STU2334,9.3,91.4,91.5,94.8,1
STU4165,4.2,80.2,37.8,54.4,0
STU4687,1.1,70.9,52.3,45.0,0
STU4527,1.9,64.3,35.0,49.2,0
STU3059,3.4,65.8,44.9,67.2,0
STU3792,2.7,58.0,59.0,48.8,0
STU1149,8.1,87.4,77.9,74.7,1
STU1029,6.8,89.3,94.8,71.2,1
STU3716,3.8,50.0,45.7,40.0,0
STU4472,4.9,61.0,35.0,42.0,0
STU1693,6.2,87.8,89.6,83.3,1
STU2387,9.1,83.1,92.8,82.8,1
STU2846,6.3,93.0,77.6,95.3,1
STU4513,4.3,56.7,35.0,47.4,0
STU2600,6.6,86.6,85.7,86.8,1
STU1702,8.8,94.5,70.4,84.0,1
STU2709,7.3,90.5,75.8,79.9,1
STU1455,6.9,92.1,92.1,74.5,1
STU3041,3.0,63.0,47.6,43.1,0
STU4712,3.9,62.4,36.6,54.3,0
STU3316,4.0,69.3,51.0,48.8,0
STU1610,9.3,95.6,75.3,86.4,1
STU1168,9.8,80.5,80.0,83.9,1
STU1731,7.7,95.4,72.5,96.8,1
STU3857,3.4,64.6,50.7,48.7,0
STU4575,3.6,57.3,45.8,52.4,0
STU3639,3.8,58.3,49.4,44.7,0
STU2623,8.6,76.1,74.5,79.4,1
STU1588,6.5,86.8,89.4,83.2,1
STU2402,8.1,91.4,78.8,89.0,1
STU2701,7.9,94.4,81.8,91.2,1
STU3898,3.5,56.5,43.5,44.8,0
STU4136,2.6,51.3,48.9,64.2,0
STU2380,9.7,83.6,77.5,87.8,1
STU3090,2.6,74.0,35.0,45.5,0
STU3176,4.4,60.4,42.4,43.0,0
STU3911,2.2,61.4,46.3,47.1,0
STU4918,2.6,68.7,35.0,49.9,0
STU4228,2.5,74.0,35.0,49.8,0
STU1442,7.5,96.3,83.8,84.1,1
STU3052,1.9,67.1,53.9,43.2,0
STU2302,8.7,82.4,79.5,81.4,1
STU4374,3.6,60.0,45.5,51.1,0
STU2305,8.1,94.6,79.9,88.2,1
STU1237,5.1,88.1,93.5,80.6,1
STU1521,5.5,89.1,78.1,82.6,1
STU1736,8.1,84.8,89.7,88.6,1
STU4531,4.1,52.3,50.1,60.9,0
STU3107,3.2,66.5,43.9,64.6,0
STU1593,8.1,87.7,86.4,95.3,1
STU2304,6.6,81.8,86.4,87.4,1
STU2388,9.4,88.5,69.9,87.2,1
STU3584,3.9,50.0,57.9,47.6,0
STU4497,4.6,58.2,35.0,65.6,0
STU4714,2.8,64.3,40.3,44.7,0
STU1905,7.7,78.9,87.2,82.4,1
STU4379,2.8,66.7,56.0,55.3,0
STU2280,7.1,91.3,82.6,90.4,1
STU4181,3.1,50.0,47.0,46.8,0
STU4836,4.4,62.2,58.1,61.0,0
STU3309,2.5,60.8,49.4,43.1,0
STU4163,3.9,50.0,46.5,40.0,0
STU4267,2.9,64.2,43.1,53.3,0
STU4156,2.7,70.9,51.3,50.2,0
STU1707,6.0,88.9,93.3,82.1,1
STU4515,3.4,61.7,46.2,52.9,0
STU1746,6.6,86.2,79.7,78.5,1
STU2940,7.6,83.4,99.9,83.0,1
STU3634,4.5,50.0,37.3,45.7,0
STU1514,6.4,86.5,74.5,82.9,1
STU1082,7.9,91.6,76.4,87.2,1
STU2309,8.8,98.6,75.9,77.6,1
STU4306,4.2,57.6,40.7,42.2,0
STU1915,7.4,92.1,71.8,92.5,1
STU4674,1.4,78.8,44.7,40.0,0
STU4658,1.2,70.7,54.2,45.3,0
STU1775,8.2,85.1,63.4,77.3,1
STU1330,8.3,93.1,78.8,85.8,1
STU3055,2.6,53.2,43.7,49.4,0
STU3002,2.6,59.6,35.0,48.3,0
STU1944,7.4,86.9,76.2,91.7,1
STU1823,10.0,87.7,75.2,78.9,1
STU1910,10.0,95.5,75.4,78.8,1
STU3517,2.2,53.0,48.9,57.6,0
STU1182,6.5,85.9,77.9,82.9,1
STU1165,8.7,97.5,78.5,96.1,1
STU2524,6.3,97.8,77.1,88.2,1
STU1452,8.6,83.0,78.0,91.8,1
STU3539,3.6,50.0,36.0,40.0,0
STU2312,8.5,90.7,91.9,79.7,1
STU2112,7.8,86.3,100.0,86.1,1
STU4769,4.0,62.1,37.6,49.3,0
STU2288,8.1,86.7,92.9,92.3,1
STU1328,8.4,85.7,89.2,89.3,1
STU2791,5.2,91.5,69.0,85.8,1
STU3491,4.6,53.9,50.6,53.6,0
STU4535,4.1,69.8,48.5,47.2,0
STU3008,4.8,55.7,44.7,40.0,0
STU2859,7.8,83.7,79.6,65.0,1
STU1313,8.5,89.4,86.0,76.3,1
STU1833,6.3,97.4,86.7,76.9,1
STU2202,7.0,90.6,77.9,85.5,1
STU4065,3.7,72.2,45.5,51.7,0
STU3608,5.1,61.1,51.4,42.5,0
STU3135,1.5,53.6,41.9,51.3,0
STU3210,3.6,56.5,36.3,54.8,0
STU4910,4.8,61.6,55.6,48.8,0
STU2482,7.1,72.4,85.6,87.1,1
STU1778,7.2,86.6,91.6,87.3,1
STU1800,7.5,89.8,87.9,93.6,1
STU1055,8.7,79.9,73.8,87.4,1
STU2921,5.1,99.1,92.0,94.2,1
STU4436,1.6,52.3,54.3,44.7,0
STU3955,2.9,56.6,53.2,54.0,0
STU2702,8.1,96.7,80.3,77.2,1
STU3162,4.2,60.6,50.6,47.5,0
STU4741,2.3,61.9,44.4,40.0,0
STU1988,8.6,88.6,82.6,99.6,1
STU4133,3.5,64.9,48.5,44.7,0
STU4602,4.6,65.9,45.4,43.8,0
STU2395,7.1,99.8,70.7,85.3,1
STU1769,6.7,84.9,90.2,96.6,1
STU4530,3.0,54.4,49.5,55.3,0
STU1286,5.2,90.8,83.6,80.7,1
STU4999,3.7,61.2,46.5,55.2,0
STU1429,8.8,94.7,82.8,94.5,1
STU3333,3.4,77.2,49.1,40.0,0
STU3080,4.7,53.7,50.8,55.4,0
STU1723,5.9,81.6,82.2,87.3,1
STU1952,7.9,92.7,92.0,93.2,1
STU4029,3.5,64.9,40.3,48.3,0
STU3263,3.0,66.7,53.9,53.7,0
STU1990,7.5,100.0,100.0,84.6,1
STU4720,2.5,76.0,35.0,56.1,0
STU3688,4.7,59.9,43.9,45.2,0
STU1327,8.9,81.4,77.2,81.4,1
STU3609,1.0,71.1,35.0,48.0,0
STU2384,6.8,94.2,95.5,79.4,1
STU2725,6.4,84.3,78.4,96.5,1
STU2087,8.7,87.7,81.9,86.0,1
STU4197,4.9,50.0,55.8,53.7,0
STU1342,7.8,90.5,83.5,84.2,1
STU1148,5.9,83.0,81.2,82.4,1
STU4096,3.4,66.9,50.1,59.4,0
STU2108,6.2,91.4,82.4,84.0,1
STU1849,6.7,84.4,77.5,100.0,1
STU1967,6.7,90.1,74.5,81.0,1
STU4263,3.9,61.6,42.4,59.7,0
STU3204,2.3,62.4,48.9,51.3,0
STU1662,6.8,82.6,79.7,80.6,1
STU2003,7.6,85.5,67.6,90.0,1
STU4848,3.5,51.5,56.7,62.6,0
STU4341,2.2,61.4,35.0,59.2,0
STU4103,4.0,54.3,45.9,57.3,0
STU4890,2.0,56.3,41.3,63.4,0
STU2880,6.5,86.8,84.6,87.8,1
STU4757,4.1,62.8,58.5,49.3,0
STU2204,8.2,95.7,88.2,79.1,1
STU2991,8.5,77.9,86.3,93.5,1
STU1025,6.8,69.9,76.6,82.8,1
STU4748,1.9,50.0,50.6,57.5,0
STU3684,4.1,68.2,35.0,59.8,0
STU3752,3.8,70.8,62.5,48.8,0
STU4049,3.0,60.5,44.6,58.3,0
STU1876,9.7,82.5,73.9,78.7,1
STU4588,3.8,54.5,48.4,54.7,0
STU1939,7.8,78.2,89.9,82.0,1
STU3395,2.3,67.7,39.4,52.4,0
STU4337,4.7,63.8,43.5,40.0,0
STU4961,2.0,62.1,39.7,40.0,0
STU1386,7.7,83.4,78.8,93.9,1
STU4040,3.2,56.1,55.7,50.1,0
STU4327,2.3,63.1,35.0,46.9,0
STU3910,4.0,56.4,45.3,43.4,0
STU3292,5.6,50.9,35.0,45.2,0
STU4233,3.3,63.5,48.0,48.4,0
STU1937,6.3,84.4,82.0,95.1,1
STU4430,5.4,66.5,44.8,59.5,0
STU3361,3.9,62.7,57.3,53.8,0
STU4897,2.7,59.4,54.4,67.9,0
STU2333,7.2,97.5,84.0,100.0,1
STU2935,10.0,88.4,95.4,83.7,1
STU1936,6.9,96.8,86.3,88.4,1
STU3419,2.6,68.8,55.3,57.8,0
STU1567,5.1,82.0,88.8,95.3,1
STU2855,8.7,85.8,70.9,78.0,1
STU4210,4.2,75.4,55.1,49.4,0
STU3468,4.7,71.3,48.4,50.3,0
STU2646,8.0,81.3,68.1,81.1,1
STU4314,3.1,51.5,36.1,41.0,0
STU2793,7.3,89.5,84.4,78.5,1
STU2431,7.9,90.8,76.5,85.3,1
STU4072,2.6,50.0,48.7,54.2,0
STU2014,6.7,79.6,80.1,90.1,1
STU2929,8.8,80.9,91.4,87.2,1
STU3982,4.7,64.4,44.4,47.4,0
STU1127,6.3,80.9,75.0,93.2,1
STU3773,2.3,69.0,50.6,57.0,0
STU2348,8.6,97.5,64.4,76.0,1
STU1356,6.3,89.6,87.7,83.4,1
STU1828,6.9,87.6,88.4,84.9,1
STU2640,6.2,90.7,83.9,72.2,1
STU1985,7.5,78.1,86.5,76.2,1
STU3189,4.0,63.9,35.0,40.0,0
STU4387,2.3,68.8,43.5,40.0,0
STU3444,1.8,57.3,35.0,59.7,0
STU1363,7.4,78.9,84.2,81.4,1
STU3350,4.6,60.3,35.0,44.4,0
STU1346,7.8,94.6,82.2,85.5,1
STU3727,6.7,58.5,51.5,53.0,0
STU4377,1.0,61.9,41.6,59.3,0
STU1712,7.4,97.2,86.7,95.0,1
STU3891,2.9,62.7,52.9,44.5,0
STU4786,3.4,63.9,53.8,47.7,0
STU1011,6.9,78.4,82.2,84.6,1
STU4204,2.9,61.0,45.9,55.3,0
STU3117,2.1,65.6,46.4,54.3,0
STU2835,6.8,82.2,83.5,86.5,1
STU1794,6.0,82.4,84.1,80.7,1
STU4679,3.5,53.2,56.3,44.1,0
STU3675,2.8,50.2,35.0,46.8,0
STU1095,7.0,94.2,91.9,85.5,1
STU1130,6.9,92.3,95.2,74.8,1
STU3372,2.2,60.2,43.4,43.8,0
STU3966,1.5,60.6,40.0,48.4,0
STU4870,2.9,65.6,50.4,54.2,0
STU3264,3.1,60.7,40.6,57.3,0
STU2901,8.3,84.7,81.4,74.6,1
STU4042,3.5,52.9,41.1,40.0,0
STU4173,3.9,52.5,40.3,40.9,0
STU2933,6.9,93.3,82.8,83.8,1
STU4361,4.8,72.6,43.6,40.0,0
STU2866,5.5,83.6,77.2,77.9,1
STU2659,6.3,89.0,93.0,90.3,1
STU1517,8.1,88.5,78.7,96.8,1
STU2858,7.2,91.5,77.9,78.8,1
STU3646,1.0,63.8,57.9,64.8,0
STU3244,4.7,66.1,52.4,48.5,0
STU2278,8.0,88.8,71.9,84.5,1
STU4855,2.6,57.5,43.8,42.4,0
STU1951,7.2,95.2,83.9,75.7,1
STU2121,8.8,85.1,71.0,81.9,1
STU3598,4.4,69.1,51.0,56.9,0
STU3205,2.8,62.0,56.8,61.0,0
STU1420,7.6,80.0,64.3,83.4,1
STU1923,7.7,86.8,86.7,88.0,1
STU3914,3.5,66.4,67.7,48.8,0
STU1478,7.9,96.7,88.1,78.6,1
STU3036,5.4,58.0,39.3,42.7,0
STU3884,2.8,63.9,46.4,52.8,0
STU2693,8.5,95.3,84.7,95.5,1
STU4841,2.0,66.8,57.2,50.4,0
STU2472,6.8,87.5,85.1,82.9,1
STU3602,2.4,56.7,44.0,65.1,0
STU2203,7.6,89.3,83.2,90.7,1
STU3439,3.2,74.9,46.8,47.7,0
STU3627,2.8,72.4,44.0,46.5,0
STU2670,8.2,90.0,92.7,84.7,1
STU4696,2.3,53.9,47.4,48.3,0
STU2971,8.2,85.6,89.8,96.2,1
STU3152,2.6,55.2,42.9,48.0,0
STU1821,6.9,86.3,80.7,98.9,1
STU2998,6.4,86.1,72.3,79.2,1
STU4823,2.3,67.8,44.7,57.5,0
STU2249,7.8,89.4,88.6,71.6,1
STU4407,1.9,55.8,35.0,49.2,0
STU3713,1.9,50.6,44.0,62.7,0
STU4541,3.6,56.9,35.0,43.9,0
STU3191,3.9,55.3,48.6,61.4,0
STU4477,3.5,71.4,42.2,50.1,0
STU2047,8.3,95.0,65.4,85.1,1
STU2889,6.9,88.9,63.9,89.1,1
STU3470,2.6,69.6,51.1,48.6,0
STU1616,7.7,92.0,79.5,85.0,1
STU2319,6.8,94.7,80.5,87.5,1
STU4845,2.7,62.6,59.3,58.1,0
STU4885,3.8,62.3,56.1,46.1,0
STU4901,4.2,67.1,44.6,54.5,0
STU3137,2.2,52.5,44.7,53.5,0
STU4257,2.3,50.0,59.8,57.4,0
STU2773,6.8,83.3,87.6,83.0,1
STU4933,3.9,58.8,39.0,46.8,0
STU1132,7.6,88.1,82.0,81.2,1
STU3851,5.3,55.1,54.5,40.0,0
STU1078,7.1,95.2,65.9,78.7,1
STU3053,2.7,56.6,53.7,43.5,0
STU1725,7.7,99.8,81.4,81.5,1
STU2315,7.5,85.8,76.7,77.2,1
STU2852,9.6,91.0,78.2,82.8,1
STU4904,3.2,54.2,38.6,55.4,0
STU4043,3.6,60.2,58.9,40.0,0
STU4294,3.6,76.7,50.8,43.9,0
STU2373,5.9,96.7,73.2,82.2,1
STU2856,6.7,87.1,67.6,79.0,1
STU2320,7.3,100.0,86.3,72.3,1
STU3561,2.8,58.5,44.3,60.6,0
STU4831,2.1,57.6,49.0,49.7,0
STU4245,2.9,72.4,45.0,54.3,0
STU4872,1.8,60.4,46.5,53.3,0
STU1376,6.6,96.7,87.2,92.7,1
STU2909,6.1,91.5,95.4,90.4,1
STU1334,6.7,85.9,83.6,83.0,1
STU3987,2.5,75.3,38.4,59.1,0
STU4734,1.8,60.5,35.0,50.2,0
STU3366,3.6,67.2,35.0,59.6,0
STU2605,6.9,92.7,85.4,87.1,1
STU2119,7.7,94.3,69.3,79.1,1
STU4772,3.5,67.8,35.0,48.3,0
STU2944,7.1,73.7,69.6,88.1,1
STU3998,4.9,71.4,40.8,60.5,0
STU3377,1.7,69.7,46.4,45.4,0
STU4346,3.0,58.3,47.9,55.9,0
STU2343,8.0,81.8,68.4,91.0,1
STU1321,7.6,90.6,81.8,93.6,1
STU2620,8.9,93.4,80.8,87.8,1
STU4236,1.8,63.5,51.9,51.6,0
STU3061,3.3,63.1,40.4,58.7,0
STU3220,1.7,66.2,46.0,61.5,0
STU2674,6.4,92.9,100.0,83.0,1
STU2943,7.8,84.4,82.0,74.9,1
STU1261,6.4,90.6,90.0,94.9,1
STU4114,2.8,58.9,43.7,45.7,0
STU3040,5.7,77.9,36.4,54.3,0
STU1690,8.0,91.7,78.1,80.1,1
STU1902,7.0,85.5,73.9,85.4,1
STU3307,1.6,62.1,50.5,40.7,0
STU3027,1.9,64.0,36.0,47.3,0
STU1139,8.5,80.6,89.1,85.3,1
STU2918,6.8,91.3,67.0,81.8,1
STU2829,7.4,95.1,83.3,86.3,1
STU2574,5.9,89.2,79.0,95.4,1
STU1320,7.3,81.4,79.3,84.3,1
STU1654,6.2,94.2,87.0,87.4,1
STU3138,3.9,50.0,45.6,43.1,0
STU4191,2.2,60.7,38.1,41.5,0
STU1559,8.0,90.0,77.7,89.8,1
STU3188,3.9,53.3,41.6,48.6,0
STU1113,7.6,88.2,94.5,88.4,1
STU1532,5.5,82.4,89.6,88.2,1
STU1225,6.9,84.1,71.0,88.6,1
STU1724,8.4,96.9,79.6,67.6,1
STU4213,4.5,67.4,46.0,56.3,0
STU4927,2.3,81.5,35.0,42.3,0
STU2434,6.8,87.4,79.2,78.5,1
STU3374,1.0,57.5,37.4,65.9,0
STU4084,3.5,58.6,39.0,51.1,0
STU5000,3.9,54.4,45.9,54.5,0
STU2459,9.0,88.1,73.7,80.7,1
STU4596,2.7,68.9,41.1,64.8,0
STU3763,1.9,59.4,40.3,40.0,0
STU1847,7.8,84.5,64.6,85.6,1
STU1194,6.0,79.8,62.6,91.7,1
STU2465,6.8,89.1,66.3,99.8,1
STU3622,4.0,65.6,44.8,67.9,0
STU1947,5.7,88.5,76.1,72.1,1
STU3022,2.6,66.8,49.2,42.7,0
STU3552,2.4,50.7,35.0,51.1,0
STU2630,8.5,84.2,84.9,87.8,1
STU1118,6.1,82.0,66.9,79.1,1
STU1646,7.2,83.3,94.9,97.6,1
STU2871,6.2,79.7,76.9,95.7,1
STU1004,9.3,86.2,85.8,81.2,1
STU1075,4.4,84.3,78.4,97.0,1
STU2756,9.1,76.2,73.7,85.9,1
STU1468,8.4,88.2,85.3,81.6,1
STU1006,7.2,89.3,86.7,90.9,1
STU2247,7.5,90.6,77.2,84.2,1
STU1920,7.7,95.8,92.3,84.8,1
STU3596,3.0,66.0,38.6,40.0,0
STU1229,6.6,76.8,84.2,90.8,1
STU2064,5.4,84.8,71.3,85.8,1
STU3591,4.8,59.8,35.7,40.0,0
STU1243,8.1,99.9,77.3,94.3,1
STU4405,3.9,65.0,37.9,52.5,0
STU2161,4.5,84.4,84.2,86.9,1
STU4089,3.1,50.0,38.6,45.6,0
STU4338,3.0,56.2,40.2,53.1,0
STU4240,1.9,63.0,47.0,71.4,0
STU3564,3.4,60.8,44.3,48.0,0
STU3672,4.9,61.5,46.1,44.6,0
STU2527,9.8,86.8,90.9,92.1,1
STU2606,6.4,83.3,83.8,79.9,1
STU4710,2.0,61.2,50.0,40.0,0
STU4970,2.4,50.0,36.9,58.0,0
STU3710,2.2,57.6,51.3,49.9,0
STU4559,2.6,62.9,50.1,40.0,0
STU4979,2.1,64.9,42.5,40.0,0
STU2990,8.0,83.4,78.8,89.1,1
STU4509,2.8,71.5,36.0,53.1,0
STU3363,1.7,64.0,49.2,43.7,0
STU2976,7.0,89.1,76.9,87.2,1
STU2762,8.4,87.9,86.1,90.0,1
STU2306,6.4,94.4,90.7,63.7,1
STU3740,1.6,50.4,52.5,43.3,0
STU2542,9.6,96.7,95.4,84.7,1
STU4463,3.1,57.4,50.6,54.7,0
STU3473,2.5,58.0,47.5,40.0,0
STU3643,4.5,70.6,43.1,40.0,0
STU3796,1.2,59.8,45.2,51.4,0
STU1623,9.8,88.5,74.9,87.6,1
STU4064,2.3,70.1,54.2,46.1,0
STU2494,7.7,84.8,98.7,85.0,1
STU1111,5.2,84.7,91.2,92.3,1
STU3276,3.6,66.6,53.2,54.1,0
STU4002,4.4,65.5,49.2,49.7,0
STU2170,8.5,85.5,73.0,85.3,1
STU4258,2.0,62.0,48.0,58.5,0
STU1233,7.6,76.2,77.1,83.7,1
STU1067,7.4,73.4,83.5,79.2,1
STU4603,3.4,53.1,59.5,67.1,0
STU3073,2.5,69.9,47.4,42.4,0
STU3193,3.1,70.6,47.1,47.4,0
STU1537,6.5,93.9,83.7,78.3,1
STU3860,1.2,57.7,35.0,49.9,0
STU1126,10.0,91.3,73.2,79.6,1
STU3134,5.2,59.8,48.0,41.8,0
STU2255,9.0,90.2,75.5,90.0,1
STU4292,3.6,69.4,52.3,57.1,0
STU2977,8.8,91.0,95.2,78.1,1
STU4259,6.2,58.3,48.8,40.8,0
STU4078,1.9,53.5,59.8,58.3,0
STU3076,3.4,59.5,48.6,46.0,0
STU1485,6.6,84.7,81.7,89.9,1
STU2655,7.9,88.9,75.0,92.6,1
STU4852,3.0,63.2,43.4,40.0,0
STU4680,3.2,54.3,45.2,49.9,0
STU4308,3.6,53.0,35.0,56.4,0
STU4035,3.2,55.0,61.6,42.0,0
STU4618,1.9,69.2,35.2,57.1,0
STU2775,6.6,77.4,84.5,90.7,1
STU3411,3.0,62.0,57.7,52.5,0
STU4584,3.5,65.7,55.8,40.0,0
STU1919,7.0,88.6,92.8,97.3,1
STU2647,7.3,89.6,77.1,71.9,1
STU2027,7.5,89.1,73.7,87.2,1
STU2031,7.2,73.1,72.1,75.5,1
STU1883,6.9,84.4,75.2,79.9,1
STU2336,7.1,79.9,78.0,87.1,1
STU3747,3.1,60.5,60.8,55.6,0
STU3943,3.0,67.5,38.1,44.0,0
STU3714,2.8,50.0,51.9,61.1,0
STU1365,8.3,84.2,77.2,94.7,1
STU3126,4.2,61.0,40.1,47.9,0
STU1028,8.0,95.4,79.9,74.5,1
STU1474,9.1,79.7,86.4,68.3,1
STU1526,5.3,90.9,91.2,87.0,1
STU1726,7.3,88.0,56.6,93.4,1
STU1056,8.6,83.1,83.7,95.5,1
STU1639,6.0,81.8,65.9,82.2,1
STU1303,8.4,85.7,74.2,91.7,1
STU3767,4.3,50.0,45.1,51.3,0
STU4469,2.4,60.1,50.1,45.3,0
STU2277,10.0,95.0,70.2,77.6,1
STU4504,2.1,72.1,49.3,60.4,0
STU1625,9.4,90.5,84.9,80.4,1
STU3056,3.7,65.5,46.9,57.5,0
STU2281,7.7,82.8,76.9,79.6,1
STU3852,2.4,67.5,59.0,40.0,0
STU2050,9.2,95.2,80.5,76.9,1
STU1337,6.5,91.0,68.7,89.8,1
STU1048,8.8,87.9,100.0,95.7,1
STU3879,3.8,51.3,51.6,49.2,0
STU1107,9.8,82.6,79.6,100.0,1
STU3398,3.4,74.0,43.7,41.1,0
STU2080,8.5,86.5,93.8,83.9,1
STU3287,3.4,61.3,47.0,54.7,0
STU3262,5.1,69.2,44.3,49.3,0
STU2145,7.3,90.6,89.3,87.2,1
STU4162,3.1,54.2,42.1,45.9,0
STU3297,5.4,50.0,42.2,47.2,0
STU3842,4.0,53.0,35.7,51.8,0
STU2837,6.1,95.4,66.8,89.9,1
STU2754,5.3,85.3,71.2,79.9,1
STU2102,4.0,93.1,86.0,84.1,1
STU2969,7.3,100.0,84.7,82.2,1
STU4009,3.5,61.6,50.2,40.0,0
STU4651,4.4,73.9,48.0,50.2,0
STU1524,8.2,86.1,98.6,90.6,1
STU3281,2.9,64.8,61.5,40.0,0
STU3693,3.8,70.5,42.2,41.4,0
STU3886,3.7,70.7,43.2,60.2,0
STU2429,7.2,90.7,75.8,86.4,1
STU3582,2.5,84.4,41.9,40.0,0
STU4468,1.2,62.9,45.5,45.1,0
STU1604,9.1,80.9,92.5,88.0,1
STU2490,9.0,78.4,78.9,90.7,1
STU4110,3.7,51.3,37.1,47.4,0
STU4231,3.1,64.4,35.0,50.2,0
STU1061,6.9,93.1,88.0,85.3,1
STU4659,4.6,66.2,46.4,50.4,0
STU1672,5.0,91.5,68.9,80.3,1
STU1093,6.7,91.7,81.1,83.9,1
STU1667,7.2,93.1,76.9,76.2,1
STU2888,8.0,87.0,75.3,73.4,1
STU1281,7.6,77.6,98.7,85.8,1
STU2720,7.0,87.4,66.8,76.4,1
STU4016,2.1,62.6,35.0,57.6,0
STU1360,6.5,90.5,87.4,74.5,1
STU1900,6.5,89.7,86.8,74.7,1
STU2936,5.7,90.3,85.5,90.9,1
STU2995,7.9,75.6,88.9,80.0,1
STU4946,1.2,62.4,47.8,46.8,0
STU3896,5.5,64.2,53.0,54.7,0
STU1761,6.8,91.8,71.8,90.7,1
STU3159,3.7,66.0,39.7,60.0,0
STU4488,4.5,53.2,45.3,73.0,0
STU1043,7.4,84.9,69.1,100.0,1
STU3174,2.3,64.9,40.7,65.2,0
STU1205,5.8,82.3,82.9,76.9,1
STU2474,7.5,81.6,78.0,93.9,1
STU3101,1.0,73.2,35.0,40.0,0
STU3594,3.3,68.7,68.8,50.5,0
STU1069,7.9,96.5,72.5,91.1,1
STU2876,9.2,95.2,74.2,82.5,1
STU3833,2.7,57.5,43.7,54.0,0
STU4728,1.7,72.8,48.1,40.0,0
STU3232,1.2,52.4,49.3,48.4,0
STU1138,7.1,97.3,84.7,81.0,1
STU3948,3.4,68.3,37.2,47.3,0
STU1797,7.5,91.4,85.9,95.8,1
STU3181,1.0,50.6,45.0,51.5,0
STU3129,3.0,63.3,54.4,52.3,0
STU1759,6.5,81.2,76.7,99.4,1
STU1542,6.1,80.4,97.6,66.3,1
STU2020,8.0,91.3,85.2,85.4,1
STU4031,3.2,57.2,49.1,42.3,0
STU1166,8.0,81.9,88.4,80.7,1
STU1249,9.6,86.9,85.9,73.1,1
STU2332,9.0,78.7,80.0,90.1,1
STU3018,2.4,65.7,39.2,53.6,0
STU1447,7.9,89.8,75.0,79.6,1
STU3483,5.3,51.3,37.6,40.6,0
STU3907,4.0,55.3,44.5,54.1,0
STU2359,5.7,90.7,67.5,76.7,1
STU3846,2.4,60.3,45.3,42.3,0
STU3146,3.2,70.9,50.6,40.0,0
STU2330,8.2,93.0,68.0,81.7,1
STU4974,3.9,55.5,39.9,72.0,0
STU3786,3.4,69.3,52.6,57.1,0
STU4876,3.2,50.0,43.1,40.2,0
STU3151,3.7,62.3,35.0,48.5,0
STU1435,9.3,89.4,77.6,85.9,1
STU3123,3.7,67.6,47.3,57.2,0
STU1578,8.4,94.0,96.6,77.9,1
STU3901,3.1,54.6,39.8,45.6,0
STU4167,1.8,51.8,50.2,41.0,0
STU3967,2.8,67.1,48.8,50.1,0
STU4822,3.6,50.7,58.4,56.3,0
STU4650,3.4,69.9,49.9,51.9,0
STU3449,2.3,59.3,47.6,51.3,0
STU2849,8.7,87.1,74.6,80.4,1
STU1763,10.0,93.4,87.4,87.1,1
STU4038,4.7,65.5,40.0,40.0,0
STU1389,8.6,93.3,83.2,90.9,1
STU1236,8.3,92.4,72.6,91.8,1
STU4466,1.8,60.9,55.5,62.3,0
STU2985,8.6,89.5,94.7,86.7,1
STU1268,5.8,89.9,66.0,91.8,1
STU1771,8.3,86.8,82.1,84.8,1
STU3166,6.5,66.0,50.3,51.6,0
STU1438,5.8,93.0,79.8,83.0,1
STU1674,7.1,84.8,73.6,85.9,1
STU1250,8.0,93.5,81.5,92.0,1
STU3202,4.6,63.7,58.4,51.5,0
STU2575,8.1,80.4,74.2,79.9,1
STU3143,1.6,57.1,47.9,56.1,0
STU3082,4.5,51.5,45.8,64.7,0
STU4482,2.7,64.7,40.0,47.9,0
STU4416,2.2,56.9,52.8,59.7,0
STU4810,3.0,69.0,52.6,50.3,0
STU1449,6.9,83.3,85.8,69.2,1
STU2470,8.0,86.7,83.0,89.3,1
STU1717,7.6,91.8,100.0,92.3,1
STU4177,4.6,64.1,43.4,51.0,0
STU4478,4.9,62.9,37.0,57.1,0
STU3049,1.8,65.7,53.1,43.7,0
STU2902,7.1,87.2,61.8,77.1,1
STU4311,5.3,61.0,40.3,49.8,0
STU2169,8.2,87.4,75.9,92.6,1
STU1083,9.3,79.3,95.4,93.5,1
STU4207,4.4,65.6,69.8,53.9,0
STU3725,3.0,67.1,50.5,47.3,0
STU4045,2.9,62.0,35.0,51.6,0
STU2461,7.3,98.2,81.7,80.8,1
STU3819,3.7,62.0,36.0,51.9,0
STU2894,7.4,76.6,69.8,77.9,1
STU2669,8.5,87.1,68.2,85.0,1
STU3757,2.7,60.8,48.4,54.5,0
STU3001,3.2,56.6,54.4,48.2,0
STU1476,7.2,92.3,86.1,89.3,1
STU1518,6.3,74.7,84.8,86.0,1
STU4586,1.5,70.7,49.2,58.7,0
STU1405,7.0,98.0,81.0,88.7,1
STU1385,6.6,88.2,77.1,88.1,1
STU4219,2.2,67.1,44.0,51.7,0
STU3153,2.6,58.3,54.4,59.3,0
STU2634,8.7,92.5,84.4,89.9,1
STU4812,2.4,52.0,45.4,64.0,0
STU1689,8.4,92.5,70.5,72.7,1
STU4232,3.9,57.3,46.4,47.6,0
STU3875,3.7,73.4,35.0,54.9,0
STU2241,7.0,88.1,81.2,89.8,1
STU1063,6.2,90.3,74.4,82.4,1
STU1853,6.7,81.4,86.2,85.2,1
STU4661,3.1,54.9,56.6,56.9,0
STU4283,2.3,59.5,46.0,55.4,0
STU2263,8.1,82.6,84.2,87.7,1
STU1224,5.6,86.9,91.4,98.2,1
STU3194,3.3,61.9,51.4,58.9,0
STU1374,8.7,91.0,83.1,93.9,1
STU2825,7.7,84.0,77.2,91.7,1
STU4365,4.4,60.2,45.3,40.0,0
STU4825,3.0,53.1,61.4,64.0,0
STU4453,2.5,50.0,36.0,48.0,0
STU4572,2.6,60.0,36.3,64.4,0
STU3872,3.3,64.3,45.9,56.9,0
STU1010,8.2,93.6,87.1,79.1,1
STU3498,4.5,62.7,51.0,68.5,0
STU2945,8.2,85.5,85.9,87.9,1
STU2839,7.5,82.2,72.2,83.1,1
STU1709,5.0,85.9,89.6,95.2,1
STU1256,6.9,90.2,90.3,69.6,1
STU3931,2.8,58.7,39.2,69.5,0
STU2618,6.6,86.3,79.4,95.5,1
STU1390,6.8,94.2,86.7,90.3,1
STU2582,8.9,96.0,90.2,89.7,1
STU3957,1.9,50.0,40.0,49.5,0
STU1925,8.9,88.6,85.6,70.8,1
STU4692,2.9,76.1,39.5,40.0,0
STU4138,4.4,52.5,38.2,56.2,0
STU3509,2.5,65.9,35.0,50.1,0
STU3037,1.5,59.6,42.9,59.8,0
STU4182,2.8,58.4,36.0,40.0,0
STU2225,7.3,89.7,100.0,84.9,1
STU4007,3.0,58.3,38.5,59.9,0
STU3550,2.9,67.7,54.3,46.1,0
STU2947,8.0,91.2,77.2,92.8,1
STU1740,8.7,93.1,87.6,77.8,1
STU1041,8.4,83.8,83.6,91.7,1
STU1869,8.3,91.2,83.2,81.3,1
STU3780,3.0,62.6,44.3,46.1,0
STU1540,6.8,88.3,88.1,77.8,1
STU3746,2.4,61.4,44.9,50.8,0
STU4331,4.8,64.8,38.4,45.1,0
STU3724,3.6,62.6,44.6,40.0,0
STU2372,9.6,80.8,73.0,85.4,1
STU2146,7.5,90.8,83.0,88.3,1
STU2032,5.5,84.1,92.0,81.3,1
STU1373,9.2,89.0,73.3,92.8,1
STU1668,9.3,80.6,95.3,83.5,1
STU4020,3.9,72.5,43.0,48.3,0
STU1358,7.2,88.9,79.4,74.2,1
STU1968,9.7,84.6,91.0,84.5,1
STU3832,2.5,64.3,39.6,44.7,0
STU3784,1.9,68.5,39.6,54.1,0
STU2354,8.4,88.5,91.3,93.3,1
STU2036,9.4,90.7,100.0,93.6,1
STU4019,3.0,51.3,42.3,42.1,0
STU1471,7.2,94.4,84.6,85.3,1
STU4554,3.0,71.1,51.1,47.7,0
STU2397,5.9,91.0,83.9,94.7,1
STU4975,4.9,56.7,47.1,50.5,0
STU2550,9.0,87.8,92.6,96.8,1
STU2257,9.5,82.7,78.7,84.4,1
STU3095,3.2,61.1,50.3,49.2,0
STU2556,7.9,87.8,70.4,86.9,1
STU4439,4.1,65.0,52.5,50.8,0
STU2251,7.9,91.6,74.3,87.4,1
STU2700,7.7,86.7,86.9,91.0,1
STU2253,5.1,91.8,78.3,92.4,1
STU4681,2.8,54.1,35.0,43.8,0
STU4705,3.8,66.1,49.2,42.7,0
STU3934,2.1,62.8,44.9,65.5,0
STU1080,5.1,85.3,79.6,94.4,1
STU2173,7.6,80.1,78.7,83.8,1
STU1815,8.7,99.0,84.5,75.0,1
STU2853,6.1,95.8,86.9,87.5,1
STU3221,1.4,72.5,49.5,56.4,0
STU3720,2.3,63.6,37.5,54.2,0
STU4495,2.2,72.1,47.2,41.4,0
STU3106,1.0,57.6,35.7,68.2,0
STU1134,8.1,91.6,92.2,85.2,1
STU2141,7.1,93.1,77.4,62.5,1
STU1934,4.9,93.7,91.0,84.9,1
STU1929,9.4,97.5,71.7,84.5,1
STU1824,7.1,79.6,81.9,88.9,1
STU2532,5.4,99.1,76.0,89.3,1
STU2215,7.1,92.4,84.9,85.1,1
STU1505,6.7,81.5,80.3,92.5,1
STU4952,3.5,50.0,47.8,50.2,0
STU3396,4.2,55.1,43.7,45.3,0
STU2997,7.5,75.5,91.2,87.3,1
STU3435,2.9,64.0,38.8,51.5,0
STU4073,1.4,53.1,50.6,58.7,0
STU2959,8.8,94.7,78.4,85.6,1
STU2385,8.4,94.6,88.7,83.3,1
STU1895,9.2,91.0,73.5,80.0,1
STU1829,7.0,93.7,89.4,83.8,1
STU4940,1.1,75.3,47.0,40.2,0
STU3524,2.1,61.5,40.6,59.5,0
STU2684,7.9,95.4,82.4,95.8,1
STU4423,3.5,60.1,40.0,61.2,0
STU4686,4.3,66.1,56.8,51.9,0
STU4335,3.8,50.6,53.0,40.0,0
STU1653,7.2,91.1,82.4,79.8,1
STU1173,7.4,86.1,78.1,82.3,1
STU4198,4.8,76.2,49.9,49.3,0
STU1039,5.9,87.8,81.8,90.7,1
STU4815,3.1,67.2,42.7,52.0,0
STU1714,8.0,79.6,84.9,87.0,1
STU1091,7.6,90.0,73.2,90.2,1
STU4936,3.3,64.1,41.8,58.8,0
STU2206,7.5,83.9,88.6,86.1,1
STU3924,3.1,59.9,35.0,56.6,0
STU4280,2.9,54.2,45.2,51.9,0
STU4435,4.9,50.0,35.0,40.4,0
STU4142,3.0,73.8,53.7,41.9,0
STU2828,9.2,90.9,82.3,83.5,1
STU2156,8.7,78.2,81.9,70.5,1
STU2325,7.6,94.6,83.6,88.3,1
STU1217,6.6,85.4,96.9,85.1,1
STU1511,7.8,90.9,72.5,95.9,1
STU2681,8.0,81.3,74.4,88.7,1
STU1500,5.8,90.0,72.4,82.5,1
STU4287,3.7,57.8,54.5,50.0,0
STU2857,9.2,79.6,64.2,76.6,1
STU2389,7.5,93.2,71.4,88.1,1
STU2520,9.7,74.7,70.0,89.7,1
STU3387,5.0,52.2,42.4,43.2,0
STU4622,2.6,72.6,47.7,44.0,0
STU3077,3.1,56.7,44.9,46.5,0
STU2541,7.5,90.0,95.5,89.3,1
STU2218,7.8,84.9,77.9,95.9,1
STU3682,3.3,62.8,46.2,54.6,0
STU4819,2.0,63.0,48.5,56.6,0
STU3994,1.2,58.6,35.0,51.9,0
STU2417,7.6,93.0,78.9,90.5,1
STU3218,1.0,50.0,44.4,47.1,0
STU4892,4.2,78.2,52.7,49.9,0
STU2677,9.0,88.4,83.4,83.5,1
STU2198,8.2,76.7,79.3,84.3,1
STU2543,9.5,93.3,91.8,90.6,1
STU3961,3.7,50.0,53.7,55.0,0
STU3540,3.9,76.9,39.1,40.0,0
STU1954,9.2,97.1,89.8,80.3,1
STU4146,1.3,69.2,48.4,42.2,0
STU4081,3.1,69.1,53.2,48.2,0
STU3636,1.9,53.1,56.1,49.6,0
STU1751,6.4,98.5,90.8,91.3,1
STU3706,3.9,56.3,52.5,63.2,0
STU1235,10.0,80.7,69.5,83.4,1
STU1733,8.0,91.4,73.6,86.0,1
STU4989,2.1,82.4,37.5,52.2,0
STU4607,1.0,55.6,50.6,52.0,0
STU2157,6.7,80.6,83.1,93.2,1
STU4450,4.0,50.0,38.5,58.8,0
STU3446,2.3,63.6,60.7,42.4,0
STU3983,3.1,58.8,37.8,40.0,0
STU2210,9.6,90.7,82.5,93.1,1
STU2066,6.2,89.9,80.4,78.4,1
STU3157,3.4,53.2,45.8,65.5,0
STU2063,8.9,87.4,79.3,80.0,1
STU3617,1.6,65.0,58.4,45.0,0
STU2168,8.2,88.9,80.8,84.2,1
STU4223,4.2,61.4,52.2,44.7,0
STU2493,6.8,91.0,79.0,80.8,1
STU3939,3.7,50.0,35.0,44.0,0
STU3996,3.3,63.9,40.6,42.7,0
STU4097,1.8,51.5,57.5,49.2,0
STU4281,4.5,79.1,41.6,52.3,0
STU4543,4.1,64.2,39.8,50.8,0
STU4141,3.2,52.7,45.3,54.6,0
STU1885,8.3,71.5,87.1,86.3,1
STU1144,7.7,89.5,84.5,89.8,1
STU4922,3.4,64.5,47.6,45.6,0
STU1851,6.8,84.7,61.0,77.2,1
STU3783,4.5,56.1,48.2,49.7,0
STU1718,7.7,93.3,91.5,84.4,1
STU4788,5.0,70.9,40.8,54.4,0
STU3503,5.3,68.2,38.9,56.4,0
STU1265,7.2,92.1,81.5,80.8,1
STU1076,8.5,86.1,82.9,79.6,1
STU3493,3.1,53.3,36.3,44.3,0
STU1396,6.9,79.3,71.1,90.7,1
STU4382,2.0,61.8,54.8,55.3,0
STU3225,4.2,72.2,40.1,40.9,0
STU4091,4.0,65.9,41.4,43.5,0
STU4727,3.2,66.2,49.5,61.0,0
STU1397,5.4,82.5,74.8,85.8,1
STU2366,7.3,99.7,70.0,90.3,1
STU4316,1.5,55.1,47.3,40.0,0
STU2904,7.9,82.3,90.5,76.8,1
STU1596,6.9,74.5,83.3,94.3,1
STU3110,3.7,72.5,42.4,40.0,0
STU2297,8.6,98.1,82.6,79.2,1
STU2822,7.6,89.6,84.1,91.0,1
STU1873,5.8,75.5,72.0,75.6,1
STU4448,2.6,68.6,37.7,40.0,0
STU4877,5.3,60.4,35.0,47.7,0
STU3327,3.0,63.1,35.4,51.1,0
STU2549,8.4,81.3,78.1,90.2,1
STU1037,7.8,90.4,86.1,91.0,1
STU4476,3.2,73.4,48.2,48.5,0
STU3711,3.1,71.4,42.9,40.0,0
STU4353,2.1,74.4,52.3,45.9,0
STU3144,2.7,55.4,57.8,49.6,0
STU4532,4.6,65.2,52.0,58.5,0
STU1978,4.6,82.9,82.9,92.0,1
STU2572,6.0,95.9,77.7,85.2,1
STU2123,8.3,90.9,79.9,81.7,1
STU3787,3.9,70.5,46.6,51.7,0
STU3240,2.1,68.7,41.9,50.5,0
STU3968,3.5,53.8,38.2,71.6,0
STU3505,1.7,62.2,43.9,54.3,0
STU2893,7.0,83.2,70.8,76.6,1
STU1676,6.6,76.2,74.3,90.4,1
STU3809,3.7,56.9,41.9,44.2,0
STU4069,4.8,73.8,37.1,47.1,0
STU1729,6.9,83.5,94.7,77.7,1
STU1413,5.7,81.3,73.5,72.4,1
STU4147,2.9,56.4,47.8,40.0,0
STU2517,9.3,83.2,86.0,97.5,1
STU2650,10.0,85.4,89.5,77.6,1
STU1826,9.2,98.2,83.9,80.8,1
STU4268,1.1,68.5,51.1,61.4,0
STU1617,7.6,83.6,91.2,92.6,1
STU1115,7.3,92.4,95.0,83.6,1
STU1418,7.6,90.0,66.4,95.3,1
STU4070,4.0,65.3,40.6,46.2,0
STU2626,8.8,82.3,81.2,90.9,1
STU4018,2.4,56.0,53.6,48.4,0
STU3653,3.8,58.9,57.1,40.0,0
STU4917,4.6,68.2,35.0,40.0,0
STU1090,8.1,96.7,78.9,84.7,1
STU3897,3.8,50.0,44.7,55.8,0
STU4481,3.8,62.1,61.9,47.5,0
STU3083,2.6,64.2,38.5,52.8,0
STU1754,8.8,87.1,78.7,87.6,1
STU3547,3.3,64.8,43.2,54.2,0
STU4325,1.6,65.7,49.5,46.3,0
STU2631,8.1,91.6,76.1,92.5,1
STU1012,6.9,83.4,70.8,88.1,1
STU3445,3.4,65.9,38.2,46.7,0
STU1285,10.0,85.2,75.8,80.8,1
STU2067,5.9,98.5,82.3,82.3,1
STU2192,5.9,92.3,81.7,85.2,1
STU2441,8.3,88.9,77.2,97.4,1
STU4982,2.6,59.7,40.4,46.7,0
STU4731,1.8,53.8,47.2,40.0,0
STU3739,4.8,58.7,63.2,40.3,0
STU4606,4.9,53.4,51.4,49.0,0
STU2569,5.6,89.3,84.2,93.2,1
STU3428,2.2,58.0,45.7,43.5,0
STU3738,2.9,54.0,40.0,43.6,0
STU4484,3.5,58.2,47.8,46.1,0
STU2688,7.7,89.6,78.0,88.8,1
STU1852,6.8,93.0,100.0,79.7,1
STU3208,1.5,50.0,49.7,49.0,0
STU1896,8.3,100.0,81.9,81.2,1
STU1497,6.3,86.3,75.6,92.0,1
STU3306,4.1,51.8,39.6,44.4,0
STU2783,5.7,81.7,85.7,85.8,1
STU1336,7.3,91.5,76.8,85.6,1
STU3840,3.9,57.2,47.9,56.4,0
STU4088,5.4,61.7,41.2,55.9,0
STU1516,8.4,90.0,74.7,80.1,1
STU2349,5.9,92.1,66.0,78.7,1
STU2016,7.7,94.2,77.9,87.8,1
STU3817,2.9,62.8,45.8,40.0,0
STU4745,3.8,69.0,41.2,42.9,0
STU4738,2.7,77.6,53.9,52.5,0
STU3810,4.0,66.1,46.8,46.7,0
STU4295,5.3,50.0,56.5,40.0,0
STU4252,5.0,61.2,45.8,52.7,0
STU4771,1.0,50.0,47.4,40.0,0
STU4984,3.5,59.6,44.4,47.1,0
STU2782,7.4,86.0,76.5,92.1,1
STU3570,1.3,75.0,41.2,40.0,0
STU2786,5.8,84.7,86.7,85.4,1
STU3071,4.2,58.5,50.6,49.1,0
STU1357,7.5,85.8,83.8,100.0,1
STU4802,3.8,62.3,35.0,53.6,0
STU4326,3.6,69.3,57.1,45.5,0
STU2313,9.2,100.0,75.6,86.6,1
STU2636,7.0,89.6,87.7,82.1,1
STU1551,7.6,78.5,93.1,84.9,1
STU3389,2.6,76.5,40.6,50.8,0
STU3480,1.7,65.1,35.0,56.1,0
STU3522,3.4,63.2,40.8,51.2,0
STU3266,3.0,65.2,46.2,47.0,0
STU3960,2.9,63.1,35.0,52.3,0
STU2228,7.3,95.5,85.3,84.6,1
STU4567,2.1,63.5,49.8,43.2,0
STU4060,4.5,68.5,48.3,42.5,0
STU1958,8.0,86.6,90.5,97.6,1
STU2774,7.7,83.4,75.3,88.1,1
STU3142,2.4,68.0,36.1,45.5,0
STU2009,8.8,94.5,76.1,94.4,1
STU4119,3.1,70.7,35.0,44.7,0
STU2093,8.4,87.4,70.9,74.8,1
STU4558,4.0,50.0,39.4,59.2,0
STU4357,3.9,62.4,40.8,43.4,0
STU3745,5.5,75.4,47.5,53.8,0
STU4789,1.5,74.8,51.5,40.4,0
STU1997,9.7,89.5,87.7,90.4,1
STU2680,7.0,87.5,78.0,78.9,1
STU1154,7.8,89.4,76.0,78.9,1
STU4148,2.7,64.7,52.2,51.3,0
STU4708,4.3,67.0,47.8,44.8,0
STU3909,3.8,57.7,50.2,60.3,0
STU3838,1.7,56.5,40.2,46.5,0
STU1581,7.9,90.2,83.7,83.0,1
STU2471,8.9,87.5,94.1,91.6,1
STU1704,5.8,94.1,86.6,75.2,1
STU2213,6.6,98.0,80.6,76.0,1
STU4344,3.7,62.2,43.6,62.1,0
STU1897,7.3,75.5,68.5,80.0,1
STU4309,3.4,58.1,57.0,40.0,0
STU1488,6.2,87.7,77.4,75.2,1
STU1560,7.0,93.5,87.2,94.8,1
STU2142,9.2,75.2,86.3,87.8,1
STU2120,8.8,97.9,88.5,89.8,1
STU3850,3.9,57.0,36.0,50.4,0
STU1513,7.2,91.3,77.3,79.7,1
STU1634,7.0,89.9,88.7,79.7,1
STU4434,2.5,61.5,48.2,50.9,0
STU2665,9.1,95.2,78.1,91.3,1
STU2013,10.0,80.3,82.1,91.1,1
STU2932,8.1,97.2,75.6,94.4,1
STU2151,6.3,93.1,100.0,89.8,1
STU3839,4.8,57.6,48.2,52.5,0
STU4740,3.6,63.1,35.0,40.0,0
STU1117,7.5,86.6,80.1,90.8,1
STU1741,5.3,90.5,86.2,73.0,1
STU4677,2.1,62.1,42.2,47.2,0
STU2975,7.5,90.1,85.6,85.6,1
STU2082,7.1,88.8,83.1,93.7,1
STU2811,6.9,82.0,90.8,89.0,1
STU1831,5.9,77.8,89.0,88.1,1
STU1120,8.4,86.9,73.7,82.6,1
STU1657,7.5,81.4,79.5,76.1,1
STU4635,3.1,69.8,35.0,50.1,0
STU4693,6.0,73.9,59.4,48.0,0
STU4906,1.8,82.6,35.0,43.5,0
STU1636,5.5,94.4,58.7,82.2,1
STU1370,6.6,95.4,83.8,82.0,1
STU1269,7.0,85.0,73.0,91.8,1
STU3704,3.9,72.2,38.8,56.1,0
STU3984,4.1,66.3,51.3,72.6,0
STU3871,4.4,72.4,46.6,52.6,0
STU3915,3.0,55.6,42.8,58.3,0
STU1047,6.9,88.0,87.6,85.0,1
STU4422,3.5,66.9,47.1,47.5,0
STU4698,3.9,52.1,52.3,43.3,0
STU1992,5.0,91.6,87.5,91.7,1
STU1877,6.9,82.4,71.3,88.9,1
STU1774,8.7,78.7,82.2,76.8,1
STU2220,10.0,92.3,72.4,72.8,1
STU2127,7.9,76.5,79.8,85.2,1
STU1005,7.2,76.6,71.1,83.5,1
STU4052,2.0,50.0,57.6,57.4,0
STU2596,6.3,94.9,68.1,80.4,1
STU4125,3.9,70.5,47.8,49.5,0
STU3312,6.2,57.8,48.5,45.0,0
STU4041,3.4,58.0,37.8,46.8,0
STU4828,2.5,62.0,42.5,47.9,0
STU3492,2.1,62.7,46.0,49.1,0
STU4051,3.7,73.6,47.3,49.0,0
STU2078,7.0,91.3,90.3,99.4,1
STU1838,6.3,97.8,75.9,72.6,1
STU1682,6.1,86.2,77.4,86.9,1
STU2716,7.4,87.1,78.6,89.7,1
STU3353,3.7,60.9,35.0,54.5,0
STU4414,2.8,64.0,53.0,51.6,0
STU3618,4.0,59.9,49.5,62.3,0
STU3362,3.5,56.2,52.7,51.7,0
STU3198,5.5,70.2,46.4,46.5,0
STU2149,9.4,87.3,88.0,94.6,1
STU4262,4.8,57.4,44.3,58.4,0
STU1575,8.5,100.0,76.0,86.1,1
STU1051,7.9,93.0,76.1,94.6,1
STU1854,8.9,89.3,83.2,72.9,1
STU2983,6.7,100.0,97.9,84.5,1
STU3775,4.8,78.0,43.8,58.0,0
STU2824,6.7,89.1,91.6,87.0,1
STU1834,6.6,86.4,87.0,85.8,1
STU4426,3.2,59.0,52.3,43.8,0
STU2116,7.9,89.5,86.2,82.0,1
STU2167,9.2,85.7,78.0,98.3,1
STU3519,2.5,50.0,52.1,60.7,0
STU2907,5.6,96.0,80.6,85.6,1
STU1972,6.7,87.6,81.4,84.6,1
STU3702,2.6,66.9,49.0,52.9,0
STU1400,9.0,88.4,89.5,75.0,1
STU3560,4.5,72.9,35.0,47.4,0
STU3369,5.0,51.0,50.9,61.6,0
STU1020,5.8,80.6,81.3,91.7,1
STU1685,6.0,90.0,73.7,85.1,1
STU1036,6.0,100.0,89.7,85.5,1
STU3951,3.5,56.5,50.2,64.9,0
STU4994,1.6,54.4,35.0,47.1,0
STU3876,2.8,50.0,35.0,47.1,0
STU1525,6.6,93.5,91.4,92.8,1
STU3456,4.0,58.1,41.0,40.0,0
STU1921,8.8,83.7,95.3,86.8,1
STU2842,5.2,83.7,72.4,81.9,1
STU2891,8.2,92.2,80.2,86.2,1
STU1538,7.0,93.5,79.6,89.9,1
STU3807,2.2,57.4,43.3,50.6,0
STU2706,7.2,89.8,65.3,82.9,1
STU4903,2.0,50.0,44.6,58.7,0
STU4111,5.2,55.2,55.2,64.5,0
STU4248,2.1,61.2,43.6,40.0,0
STU1246,7.1,88.6,69.7,88.5,1
STU4465,3.8,88.3,47.1,51.1,0
STU4176,2.8,66.1,54.0,55.1,0
STU1785,8.2,85.1,100.0,89.8,1
STU2410,7.2,100.0,90.9,93.3,1
STU3538,5.1,52.6,47.6,42.7,0
STU1155,7.9,80.4,89.9,90.1,1
STU4010,4.5,61.4,42.3,46.1,0
STU2687,6.9,100.0,92.0,81.5,1
STU3902,3.4,57.7,44.2,52.1,0
STU4360,3.5,64.3,52.9,42.5,0
STU1626,6.9,82.8,92.1,70.7,1
STU3734,1.1,57.7,61.3,60.3,0
STU4833,2.7,65.5,45.2,47.6,0
STU2347,4.4,86.3,79.8,79.2,1
STU1570,7.1,86.6,82.1,94.0,1
STU4907,3.9,66.3,44.0,60.9,0
STU2759,9.4,89.7,77.9,75.1,1
STU2817,4.9,85.7,75.5,80.9,1
STU3066,3.3,61.6,46.3,54.6,0
STU1128,6.8,94.7,96.4,95.5,1
STU4395,3.4,55.3,47.9,50.1,0
STU4328,4.4,67.4,55.2,40.0,0
STU4969,3.3,65.1,37.1,45.9,0
STU3007,3.3,70.0,49.9,49.3,0
STU3976,2.2,64.0,51.3,47.3,0
STU1981,8.4,89.6,72.4,75.8,1
STU4965,4.9,55.4,46.4,46.4,0
STU1191,7.0,78.4,85.2,92.6,1
STU2140,8.3,86.4,76.7,94.5,1
STU1993,7.2,88.4,81.1,91.6,1
STU1700,7.3,96.0,78.2,79.2,1
STU4636,1.7,63.4,48.0,55.8,0
STU1607,6.6,84.4,79.2,79.3,1
STU1181,8.3,86.9,84.2,91.7,1
STU1302,6.8,82.0,71.1,74.9,1
STU3545,3.3,59.9,39.8,59.5,0
STU4684,2.3,62.6,51.9,69.0,0
STU4699,4.5,65.4,37.3,59.4,0
STU2061,8.4,89.9,79.6,95.8,1
STU4760,2.6,63.9,44.2,57.1,0
STU4835,5.6,50.4,35.3,46.7,0
STU3566,3.2,50.5,41.5,48.0,0
STU4985,1.9,67.1,48.4,44.5,0
STU2070,7.9,92.2,84.3,70.4,1
STU3525,1.3,63.8,38.8,59.8,0
STU3206,2.7,71.6,51.1,47.8,0
STU2244,6.3,94.4,87.2,80.5,1
STU4244,2.0,63.8,35.0,55.0,0
STU1017,6.3,86.4,78.2,100.0,1
STU4121,1.0,65.3,47.5,41.8,0
STU4972,4.0,50.4,50.9,41.5,0
STU1547,8.2,79.7,81.2,73.9,1
STU1659,7.7,89.0,84.0,84.2,1
STU4599,3.8,57.3,55.9,58.4,0
STU4068,3.8,65.6,49.2,56.2,0
STU4642,3.6,61.7,41.8,53.8,0
STU2505,7.3,85.0,78.1,80.3,1
STU1960,8.0,81.4,86.0,85.7,1
STU3927,1.7,55.8,55.8,54.2,0
STU3332,4.5,57.7,46.1,48.2,0
STU1798,8.3,77.3,66.4,96.0,1
STU4349,3.9,73.1,35.0,40.0,0
STU1226,8.8,95.9,86.2,82.7,1
STU3075,1.0,69.3,36.6,68.1,0
STU4355,1.0,67.9,51.1,55.8,0
STU2800,7.5,81.9,76.8,72.2,1
STU3486,4.0,62.6,43.9,44.5,0
STU4948,2.5,50.4,50.6,53.6,0
STU4437,3.3,60.5,35.0,49.3,0
STU3278,4.1,65.1,47.1,41.4,0
STU3086,3.5,63.4,57.5,45.9,0
STU2694,5.9,94.3,73.6,83.9,1
STU3798,4.2,58.1,39.9,50.0,0
STU2046,8.6,75.7,90.6,81.1,1
STU4447,2.3,58.9,50.6,47.7,0
STU1470,6.8,86.7,85.1,80.4,1
STU1955,7.4,82.3,84.6,78.0,1
STU4968,3.2,74.4,50.9,58.9,0
STU3736,2.5,50.0,43.5,40.0,0
STU4842,4.7,54.2,45.8,43.2,0
STU1640,5.9,90.4,59.3,84.7,1
STU4702,3.7,67.0,35.0,53.3,0
STU2219,6.5,83.6,77.9,77.2,1
STU2159,8.7,96.0,80.5,79.0,1
STU2416,8.6,87.1,87.2,72.7,1
STU4611,3.3,67.3,45.6,44.3,0
STU2528,9.4,100.0,82.1,82.2,1
STU4893,2.8,54.7,44.2,55.1,0
STU2301,6.7,90.0,80.3,80.4,1
STU4882,2.9,59.3,38.0,45.6,0
STU3849,2.7,59.7,35.0,60.3,0
STU2604,6.5,88.0,89.8,79.1,1
STU1161,6.3,81.3,82.1,86.0,1
STU2705,8.0,87.2,79.3,79.7,1
STU1957,7.9,93.6,80.4,85.7,1
STU4235,4.5,61.2,55.5,56.9,0
STU3870,1.7,66.8,36.0,54.3,0
STU4881,3.3,62.7,35.8,44.2,0
STU1878,7.8,84.0,85.5,79.9,1
STU2920,6.9,87.6,73.2,88.3,1
STU3962,3.0,51.9,53.4,49.0,0
STU2885,7.5,87.6,70.2,86.0,1
STU3201,1.0,64.3,47.6,40.0,0
STU1099,7.5,78.7,80.9,86.6,1
STU4770,1.2,53.3,45.8,48.4,0
STU3558,5.6,59.9,44.9,60.5,0
STU4184,3.6,58.9,46.3,42.3,0
STU4299,3.3,59.6,36.3,40.0,0
STU1254,8.7,87.9,73.3,87.1,1
STU1104,6.5,94.8,89.1,87.4,1
STU2446,6.7,81.2,80.2,95.5,1
STU2444,5.9,97.5,77.7,90.5,1
STU2649,8.9,92.7,93.6,78.0,1
STU1587,6.9,80.1,90.2,95.0,1
STU1628,7.3,92.2,76.1,95.2,1
STU2697,6.3,84.6,78.8,92.2,1
STU4192,1.2,59.8,38.9,40.0,0
STU3102,2.5,63.6,37.7,46.6,0
STU3200,3.3,64.5,45.1,48.5,0
STU1404,7.6,86.4,84.8,88.5,1
STU2155,9.5,81.8,75.0,82.3,1
STU3256,4.8,51.2,39.3,47.4,0
STU3864,1.4,59.4,35.0,48.2,0
STU2683,6.4,89.1,73.9,83.5,1
STU4171,2.0,69.2,37.3,48.9,0
STU4742,1.9,61.1,37.1,50.8,0
STU3057,3.3,60.2,35.0,62.1,0
STU4063,3.6,50.0,48.7,54.5,0
STU4792,3.6,74.0,48.5,40.4,0
STU4109,4.9,60.5,40.6,54.9,0
STU1453,6.3,87.6,91.2,77.3,1
STU3302,2.7,54.2,44.4,43.9,0
STU2328,7.3,84.5,83.7,87.9,1
STU3945,2.1,69.3,35.5,49.7,0
STU3050,3.3,65.5,41.3,42.3,0
STU1881,10.0,74.6,90.0,86.3,1
STU4644,3.3,50.0,35.0,56.2,0
STU4887,3.0,61.0,51.8,65.8,0
STU1624,9.1,96.5,88.2,84.7,1
STU3394,2.8,59.1,38.8,51.1,0
STU4691,3.7,57.4,60.7,56.3,0
STU2788,6.6,82.7,97.5,80.5,1
STU1263,3.6,95.4,88.1,83.9,1
STU2635,7.1,90.5,75.7,98.0,1
STU4370,3.6,72.0,43.8,40.3,0
STU2439,8.1,80.3,84.7,74.4,1
STU3199,5.6,72.3,38.2,50.8,0
STU2970,8.9,95.7,77.3,92.9,1
STU3521,2.9,58.7,45.0,54.0,0
STU2803,6.6,80.7,78.7,79.4,1
STU1641,7.1,98.9,88.5,77.3,1
STU4983,3.8,50.0,48.2,59.7,0
STU3386,1.6,60.9,44.4,52.0,0
STU3599,2.0,64.3,51.3,40.0,0
STU4886,2.0,68.1,35.0,53.7,0
STU2960,7.8,89.1,98.4,82.3,1
STU3977,3.5,68.0,51.3,42.3,0
STU1489,9.5,88.2,89.0,87.8,1
STU2844,7.6,79.8,65.0,82.2,1
STU2735,8.5,92.8,77.4,85.8,1
STU3912,2.3,64.7,39.3,40.0,0
STU4220,2.7,58.9,35.0,57.0,0
STU1147,6.0,78.4,85.1,85.4,1
STU2535,6.9,100.0,80.7,81.3,1
STU2987,8.4,91.3,75.6,86.5,1
STU2370,6.4,88.8,94.7,81.5,1
STU3451,1.3,65.6,43.4,48.7,0
STU4913,2.4,60.9,58.0,42.3,0
STU4003,3.7,70.9,35.0,50.5,0
STU3812,3.6,63.8,42.6,55.5,0
STU1660,7.3,91.3,75.6,87.1,1
STU2795,7.8,88.0,79.7,85.5,1
STU4421,3.5,63.5,37.7,55.8,0
STU3512,3.8,62.0,45.9,47.7,0
STU4398,2.7,55.6,39.2,49.0,0
STU1187,8.1,79.5,100.0,87.9,1
STU2148,5.8,83.7,80.3,66.4,1
STU4273,2.1,56.3,55.7,50.8,0
STU1609,5.4,93.4,87.5,79.5,1
STU3192,2.7,59.9,53.6,51.5,0
STU3800,4.5,71.8,57.9,47.1,0
STU4583,1.5,58.5,35.0,50.9,0
STU2931,6.0,92.0,74.3,89.3,1
STU4030,2.5,64.0,47.7,54.4,0
STU1198,7.7,88.1,69.5,81.7,1
STU4682,1.7,59.7,47.9,54.3,0
STU3932,3.4,76.8,40.0,40.0,0
STU3328,2.9,66.0,35.0,40.0,0
STU1294,8.5,83.2,80.3,88.1,1
STU1767,7.5,87.8,72.5,99.9,1
STU1401,5.6,83.7,85.9,87.3,1
STU1123,9.2,87.9,89.7,79.7,1
STU4256,2.7,67.0,43.1,47.9,0
STU1203,8.8,92.3,74.1,100.0,1
STU4511,1.0,70.1,43.1,58.0,0
STU1836,7.8,86.2,82.7,76.8,1
STU3295,4.2,62.8,52.8,50.5,0
STU2440,8.4,89.8,81.5,89.4,1
STU2734,7.1,88.9,80.5,85.0,1
STU2696,9.8,86.1,86.2,95.2,1
STU4900,4.2,70.3,36.5,41.6,0
STU2708,9.8,96.1,84.4,84.7,1
STU4879,2.0,64.4,47.4,45.9,0
STU2154,5.9,85.8,77.8,89.6,1
STU2662,7.4,83.6,74.6,86.0,1
STU4475,1.0,58.3,35.0,43.0,0
STU3433,2.5,64.5,35.0,61.6,0
STU4751,2.7,67.2,43.4,58.6,0
STU2760,9.1,87.9,88.8,75.9,1
STU1855,9.2,95.3,91.5,85.2,1
STU2590,7.6,85.6,94.3,86.2,1
STU3268,2.0,61.0,50.0,56.9,0
STU1642,9.5,86.7,83.0,97.6,1
STU1002,7.3,87.1,81.8,80.6,1
STU3161,3.0,50.1,41.7,58.5,0
STU1699,8.6,91.7,83.0,77.1,1
STU4914,4.1,56.3,35.0,45.5,0
STU4000,4.1,59.7,35.2,48.8,0
STU4697,3.3,57.0,50.7,48.9,0
STU2637,6.4,86.0,98.7,77.3,1
STU4185,3.0,58.3,41.5,47.8,0
STU4459,4.4,56.1,51.0,44.3,0
STU4458,3.3,68.6,45.2,48.7,0
STU4582,1.6,65.7,37.6,52.2,0
STU2292,10.0,73.1,85.7,80.5,1
STU4806,1.8,57.5,44.7,58.1,0
STU3490,2.4,55.8,52.5,40.0,0
STU2521,9.0,91.0,76.0,91.9,1
STU2854,8.6,81.4,74.2,88.8,1
STU2137,8.9,93.7,85.8,80.4,1
STU4305,4.3,54.1,35.0,54.5,0
STU4863,3.8,67.0,38.2,46.4,0
STU2632,6.5,84.2,88.9,79.0,1
STU4744,3.4,61.1,35.1,52.3,0
STU4446,1.3,66.7,55.8,53.8,0
STU2999,7.3,97.9,85.7,96.6,1
STU1664,6.8,82.3,78.2,66.0,1
STU1684,8.1,92.4,76.4,84.6,1
STU2258,8.0,83.7,76.1,89.5,1
STU4767,4.2,60.5,38.9,49.9,0
STU4749,2.4,64.4,62.8,57.9,0
STU1318,7.1,84.3,91.0,81.3,1
STU1649,7.2,88.1,69.1,92.7,1
STU2435,7.3,100.0,87.5,81.8,1
STU2480,7.0,96.3,90.8,82.5,1
STU1710,9.5,97.4,81.7,83.0,1
STU4431,4.1,59.9,39.7,44.8,0
STU2283,8.3,75.1,90.2,98.8,1
STU2769,7.6,92.0,83.6,89.9,1
STU1973,8.5,79.8,73.9,98.4,1
STU3676,4.2,57.9,47.9,65.1,0
STU3681,2.0,55.3,48.8,44.5,0
STU2307,7.5,91.2,81.0,92.2,1
STU2401,6.2,90.9,72.5,80.6,1
STU2409,7.1,86.7,80.4,71.9,1
STU4297,2.4,55.6,49.5,45.0,0
STU3238,2.1,60.5,38.9,47.8,0
STU4303,3.8,56.2,40.6,54.2,0
STU2497,10.0,92.9,81.0,81.4,1
STU4420,2.9,68.7,47.6,47.2,0
STU3039,3.1,66.9,58.9,56.8,0
STU2530,6.2,81.7,81.1,70.7,1
STU2664,6.8,89.9,70.2,89.6,1
STU2355,6.8,84.4,77.7,94.2,1
STU4896,2.3,60.0,49.5,45.2,0
STU4924,4.4,57.1,58.5,59.5,0
STU4628,5.8,57.0,56.2,54.7,0
STU2644,8.0,87.8,92.9,85.1,1
STU2052,8.0,83.7,84.8,87.8,1
STU1796,8.8,82.9,71.9,94.8,1
STU3694,3.1,61.3,45.2,57.7,0
STU4061,3.1,52.6,49.2,62.7,0
STU2598,10.0,94.0,79.8,77.6,1
STU3605,3.9,63.5,51.9,40.0,0
STU3730,2.9,53.1,48.3,53.3,0
STU3626,3.4,59.7,48.4,68.0,0
STU2820,6.3,80.9,79.9,86.6,1
STU4158,3.8,60.6,60.1,57.1,0
STU4315,3.1,60.8,50.5,45.0,0
STU2723,8.4,78.2,75.9,86.2,1
STU2184,5.6,86.0,84.9,78.5,1
STU3573,3.7,52.3,47.6,51.6,0
STU2060,7.1,85.6,78.6,89.8,1
STU1541,8.5,83.7,73.7,87.0,1
STU4243,3.2,59.2,35.7,54.7,0
STU2679,8.7,95.2,84.9,80.1,1
STU3797,2.6,50.0,37.3,58.0,0
STU4851,2.5,65.7,37.7,64.7,0
STU4479,3.3,51.8,47.8,62.9,0
STU3533,3.7,58.5,47.2,57.2,0
STU2758,8.6,100.0,79.3,100.0,1
STU2924,7.8,78.3,82.7,94.0,1
STU1096,5.7,87.5,73.7,90.2,1
STU2021,8.1,95.2,81.5,99.3,1
STU1564,7.1,89.5,83.8,95.3,1
STU4313,4.4,55.2,50.2,61.7,0
STU3791,1.0,59.9,48.6,52.0,0
STU1864,9.7,92.1,71.2,86.8,1
STU4647,3.8,71.2,45.2,42.8,0
STU4763,3.4,50.0,42.1,61.1,0
STU2485,7.8,81.9,62.9,82.6,1
STU3940,3.0,67.3,55.6,49.4,0
STU4626,2.5,50.0,56.1,69.7,0
STU2882,9.4,89.1,93.1,83.3,1
STU2039,7.8,82.2,95.0,69.0,1
STU1207,8.1,96.9,86.0,82.2,1
STU1393,5.9,79.0,84.6,73.9,1
STU3843,3.1,55.4,47.3,61.1,0
STU1871,7.3,84.2,100.0,87.9,1
STU1398,9.1,82.0,74.3,76.0,1
STU3815,3.5,58.3,49.4,64.1,0
STU4840,1.9,62.8,48.8,44.8,0
STU4290,4.2,77.6,48.2,54.5,0
STU2029,8.2,84.9,92.3,76.9,1
STU3691,3.8,57.9,41.8,52.2,0
STU2486,8.6,84.9,88.0,80.6,1
STU3661,5.7,73.2,41.8,55.0,0
STU4811,2.6,55.5,60.5,40.0,0
STU1961,8.3,83.1,79.5,92.8,1
STU2571,8.5,86.2,82.0,77.4,1
STU3774,3.9,72.8,50.8,43.1,0
STU2896,7.1,94.0,90.1,81.2,1
STU3732,3.1,64.7,49.6,48.1,0
STU3147,3.9,52.6,53.6,41.0,0
STU1805,7.0,87.4,79.9,79.0,1
STU2752,8.3,90.0,72.1,87.2,1
STU4646,2.9,67.7,41.2,50.3,0
STU3455,2.0,54.1,41.6,44.7,0
STU1503,5.8,86.0,69.3,88.1,1
STU4120,4.7,69.8,48.9,66.8,0
STU4105,2.1,67.4,47.9,54.8,0
STU3978,3.1,57.3,35.8,52.9,0
STU1780,8.2,90.9,56.6,83.9,1
STU2864,5.4,86.7,67.6,80.5,1
STU1201,7.9,98.8,83.9,81.1,1
STU3183,3.2,67.9,44.2,48.5,0
STU4100,2.7,60.4,45.3,40.0,0
STU3089,3.7,68.2,54.9,44.7,0
STU4066,2.8,59.4,58.4,55.2,0
STU3279,2.2,63.1,47.2,55.9,0
STU4562,2.3,52.9,46.4,49.1,0
STU2797,7.1,87.0,100.0,75.6,1
STU1379,10.0,85.5,84.4,91.3,1
STU3337,2.1,55.4,42.6,48.8,0
STU1419,8.9,90.3,79.2,88.4,1
STU2699,8.1,93.6,81.2,88.1,1
STU1392,8.1,82.4,88.6,85.0,1
STU3641,5.0,64.2,35.0,66.4,0
STU2523,7.2,82.2,88.0,86.2,1
STU2163,5.8,85.2,81.3,88.8,1
STU4135,1.5,63.4,43.8,52.9,0
STU2496,9.9,99.6,71.8,81.5,1
STU3696,4.2,53.4,53.9,40.0,0
STU3028,3.3,60.0,64.6,43.8,0
STU2153,6.7,70.6,86.1,78.9,1
STU2368,6.4,89.1,79.6,81.7,1
STU3569,3.7,58.2,35.0,44.8,0
STU1065,8.5,89.6,74.1,86.3,1
STU3063,1.5,69.1,40.2,43.0,0
STU2181,7.7,93.9,83.7,87.2,1
STU4113,4.4,62.3,52.0,47.4,0
STU1493,7.6,85.0,77.3,91.7,1
STU1380,6.5,89.6,75.8,85.5,1
STU3236,4.1,63.2,40.6,55.8,0
STU1764,7.4,84.2,85.1,96.7,1
STU3265,1.0,68.1,35.0,52.7,0
STU1792,7.7,84.7,78.8,81.8,1
STU2077,5.6,92.7,82.3,90.6,1
STU1879,7.5,89.8,76.5,82.9,1
STU1338,7.1,88.3,86.0,81.9,1
STU4821,3.5,57.6,47.3,48.9,0
STU3768,3.4,74.6,46.5,65.9,0
STU4797,3.1,50.0,41.8,47.5,0
STU3344,1.7,54.3,51.1,52.3,0
STU4774,3.0,65.7,49.5,54.7,0
STU2017,6.7,78.9,65.2,84.8,1
STU2276,7.7,96.1,88.3,80.1,1
STU4799,3.1,75.8,56.9,44.0,0
STU4534,2.5,50.0,54.7,40.0,0
STU1456,6.5,96.9,84.3,78.0,1
STU4343,4.7,58.2,40.5,56.2,0
STU1816,5.7,92.9,80.0,86.2,1
STU3318,4.1,50.0,48.3,54.7,0
STU1996,7.2,88.5,81.6,82.9,1
STU2982,5.8,97.8,95.0,81.5,1
STU1202,8.2,86.9,73.3,77.3,1
STU1162,8.4,89.5,85.8,91.1,1
STU2580,6.5,81.6,82.1,75.0,1
STU3778,4.5,59.5,55.2,41.7,0
STU3450,3.6,60.2,44.1,59.1,0
STU1703,6.7,100.0,87.3,69.5,1
STU2501,8.4,95.1,87.6,97.1,1
STU4894,3.0,59.8,44.4,40.0,0
STU4844,1.8,57.8,45.1,85.8,0
STU2130,7.9,85.5,82.8,94.2,1
STU3614,3.0,56.6,57.5,50.3,0
STU4462,3.2,65.5,46.6,56.2,0
STU2022,6.8,85.2,76.1,73.6,1
STU4074,4.8,62.6,48.7,62.9,0
STU4460,3.0,58.9,44.6,54.3,0
STU2586,8.3,80.2,76.2,79.2,1
STU2956,9.1,84.3,88.9,99.7,1
STU4153,4.3,52.2,37.8,40.0,0
STU3254,2.1,55.9,51.8,56.8,0
STU1035,8.5,94.4,75.5,75.0,1
STU1776,5.6,86.3,88.3,90.8,1
STU3557,2.8,64.2,45.1,40.0,0
STU4500,5.0,58.5,43.4,48.8,0
STU2479,6.4,94.9,78.1,98.4,1
STU4004,1.1,68.0,37.6,57.6,0
STU2391,8.1,78.5,76.4,94.0,1
STU3140,3.6,51.6,52.9,52.8,0
STU2364,6.3,79.9,74.6,81.1,1
STU3946,3.0,71.7,51.7,63.7,0
STU3613,3.4,73.1,35.0,58.0,0
STU4418,3.6,57.9,36.5,47.4,0
STU3825,4.2,53.1,40.6,60.9,0
STU3042,3.0,60.3,44.2,45.3,0
STU1242,7.4,91.5,89.1,78.4,1
STU3062,3.4,63.9,35.0,44.2,0
STU3364,2.7,52.1,41.1,40.0,0
STU1601,8.4,76.7,80.3,76.0,1
STU3436,3.4,63.4,43.0,67.1,0
STU2298,7.2,82.3,88.1,77.6,1
STU3215,2.6,50.0,54.8,55.7,0
STU3889,3.1,72.5,46.0,60.4,0
STU3069,3.2,63.7,49.0,42.1,0
STU1647,4.3,85.8,70.9,88.9,1
STU4891,4.6,59.1,50.6,58.2,0
STU4557,1.6,65.4,35.0,55.7,0
STU4203,2.7,56.7,40.1,40.0,0
STU2529,6.9,77.0,80.6,74.6,1
STU3880,2.5,54.9,51.7,46.2,0
STU2268,6.4,85.7,77.6,85.5,1
STU4639,2.5,60.3,58.4,43.1,0
STU2900,7.1,90.3,90.7,81.6,1
STU1563,8.5,82.4,74.8,83.6,1
STU4951,4.2,72.2,40.0,52.1,0
STU3735,1.5,54.1,41.8,50.4,0
STU4006,1.9,60.3,37.9,43.2,0
STU1190,5.7,91.5,81.5,94.0,1
STU2807,7.8,88.2,63.6,88.0,1
STU1976,5.2,88.6,71.0,85.2,1
STU3748,2.9,54.5,38.6,40.0,0
STU4548,4.0,50.1,53.3,49.9,0
STU3048,2.4,63.7,47.6,49.6,0
STU4754,3.6,59.9,45.7,52.9,0
STU3559,3.1,61.2,36.0,42.4,0
STU2083,7.1,76.2,82.7,79.5,1
STU1475,9.5,89.8,88.8,72.2,1
STU4633,2.9,81.4,54.3,40.0,0
STU3905,2.7,61.3,35.0,40.0,0
STU1748,6.6,81.1,73.3,88.6,1
STU3301,4.8,77.3,46.8,51.1,0
STU1022,7.2,89.7,70.6,87.8,1
STU4386,3.6,60.7,46.6,57.0,0
STU1460,6.1,90.8,87.3,85.9,1
STU2185,6.3,83.3,90.3,85.3,1
STU3325,3.3,63.5,52.6,40.0,0
STU1956,8.8,98.5,70.9,72.7,1
STU2216,9.0,98.7,86.0,88.9,1
STU3434,4.0,61.6,47.6,52.0,0
STU3854,1.0,58.9,41.3,45.4,0
STU4486,4.6,61.8,51.4,47.8,0
STU2516,7.4,90.9,69.8,88.3,1
STU3392,3.1,71.7,62.6,59.6,0
STU1770,9.7,86.8,88.4,80.6,1
STU4381,3.2,65.8,51.6,52.5,0
STU2686,8.9,82.9,70.0,91.3,1
STU1131,5.6,90.6,80.1,87.1,1
STU4736,3.0,61.1,51.6,62.4,0
STU3920,4.1,59.7,36.3,41.9,0
STU4172,3.2,64.7,54.2,64.2,0
STU4445,4.8,50.9,70.5,44.9,0
STU3136,3.1,58.2,48.5,54.5,0
STU2483,9.6,85.8,82.7,81.1,1
STU1331,7.5,86.2,87.5,94.2,1
STU2239,8.2,89.1,83.4,78.5,1
STU1467,8.2,83.4,88.8,79.1,1
STU3170,3.1,57.9,45.6,66.7,0
STU2639,10.0,87.3,79.3,95.0,1
STU4093,1.9,61.5,48.6,59.5,0
STU4773,1.6,66.6,43.9,43.6,0
STU2096,7.4,95.7,79.2,73.0,1
STU2131,7.9,87.5,85.5,84.5,1
STU2295,7.6,80.8,92.6,85.9,1
STU1861,7.7,84.8,78.2,79.2,1
STU4508,4.0,59.2,43.7,47.9,0
STU4175,4.4,67.3,50.2,67.6,0
